PROD_EST,COBERTURA,ANIO,ID_MES,MARCA,MODELO,TIPO,SEGMENTO,ORIGEN,ID_PAIS_ORIGEN,UNI_VEH,ds
Registro Administrativo de la Industria Automotriz de Vehículos Ligeros. Venta de vehículos ,Nacional,2021,1,Acura,ILX,Automóviles,De Lujo,IMPORTADO,66,2,2021-01
Registro Administrativo de la Industria Automotriz de Vehículos Ligeros. Venta de vehículos ,Nacional,2021,1,Acura,Mdx,Camiones ligeros,SUV's,IMPORTADO,40,11,2021-01
Registro Administrativo de la Industria Automotriz de Vehículos Ligeros. Venta de vehículos ,Nacional,2021,1,Acura,NSX,Automóviles,Deportivos,IMPORTADO,66,0,2021-01
Registro Administrativo de la Industria Automotriz de Vehículos Ligeros. Venta de vehículos ,Nacional,2021,1,Acura,Rdx,Camiones ligeros,SUV's,IMPORTADO,66,42,2021-01
Registro Administrativo de la Industria Automotriz de Vehículos Ligeros. Venta de vehículos ,Nacional,2021,1,Acura,TLX,Automóviles,De Lujo,IMPORTADO,66,9,2021-01
Registro Administrativo de la Industria Automotriz de Vehículos Ligeros. Venta de vehículos ,Nacional,2021,1,Alfa Romeo,Alfa Romeo Giulietta Progression Manual,Automóviles,Deportivos,IMPORTADO,124,12,2021-01
Registro Administrativo de la Industria Automotriz de Vehículos Ligeros. Venta de vehículos ,Nacional,2021,1,Alfa Romeo,Alfa Romeo Mito Quadrifoglio Verde Manual,Automóviles,Deportivos,IMPORTADO,124,0,2021-01
Registro Administrativo de la Industria Automotriz de Vehículos Ligeros. Venta de vehículos ,Nacional,2021,1,Alfa Romeo,Giulia,Automóviles,De Lujo,IMPORTADO,124,1,2021-01
Registro Administrativo de la Industria Automotriz de Vehículos Ligeros. Venta de vehículos ,Nacional,2021,1,Alfa Romeo,Stelvio,Automóviles,De Lujo,IMPORTADO,124,1,2021-01
Registro Administrativo de la Industria Automotriz de Vehículos Ligeros. Venta de vehículos ,Nacional,2021,1,Alfa Romeo,4C,Automóviles,De Lujo,IMPORTADO,124,0,2021-01
Registro Administrativo de la Industria Automotriz de Vehículos Ligeros. Venta de vehículos ,Nacional,2021,1,Audi,A1*,Automóviles,De Lujo,IMPORTADO,64,79,2021-01
Registro Administrativo de la Industria Automotriz de Vehículos Ligeros. Venta de vehículos ,Nacional,2021,1,Audi,A3-,Automóviles,De Lujo,IMPORTADO,4,26,2021-01
Registro Administrativo de la Industria Automotriz de Vehículos Ligeros. Venta de vehículos ,Nacional,2021,1,Audi,A4,Automóviles,De Lujo,IMPORTADO,4,79,2021-01
Registro Administrativo de la Industria Automotriz de Vehículos Ligeros. Venta de vehículos ,Nacional,2021,1,Audi,A5 Coupe,Automóviles,De Lujo,IMPORTADO,4,25,2021-01
Registro Administrativo de la Industria Automotriz de Vehículos Ligeros. Venta de vehículos ,Nacional,2021,1,Audi,A5 Sportback,Automóviles,Deportivos,IMPORTADO,4,64,2021-01
Registro Administrativo de la Industria Automotriz de Vehículos Ligeros. Venta de vehículos ,Nacional,2021,1,Audi,A6,Automóviles,De Lujo,IMPORTADO,4,7,2021-01
Registro Administrativo de la Industria Automotriz de Vehículos Ligeros. Venta de vehículos ,Nacional,2021,1,Audi,A7,Automóviles,De Lujo,IMPORTADO,4,4,2021-01
Registro Administrativo de la Industria Automotriz de Vehículos Ligeros. Venta de vehículos ,Nacional,2021,1,Audi,A8,Automóviles,De Lujo,IMPORTADO,4,0,2021-01
Registro Administrativo de la Industria Automotriz de Vehículos Ligeros. Venta de vehículos ,Nacional,2021,1,Audi,e-tron,Camiones ligeros,SUV's,IMPORTADO,23,3,2021-01
Registro Administrativo de la Industria Automotriz de Vehículos Ligeros. Venta de vehículos ,Nacional,2021,1,Audi,Q 3,Camiones ligeros,SUV's,IMPORTADO,94,99,2021-01
Registro Administrativo de la Industria Automotriz de Vehículos Ligeros. Venta de vehículos ,Nacional,2021,1,Audi,Q2,Automóviles,De Lujo,IMPORTADO,62,6,2021-01
Registro Administrativo de la Industria Automotriz de Vehículos Ligeros. Venta de vehículos ,Nacional,2021,1,Audi,Q3 SB,Camiones ligeros,SUV's,IMPORTADO,94,56,2021-01
Registro Administrativo de la Industria Automotriz de Vehículos Ligeros. Venta de vehículos ,Nacional,2021,1,Audi,Q5,Camiones ligeros,SUV's,NACIONAL,1,118,2021-01
Registro Administrativo de la Industria Automotriz de Vehículos Ligeros. Venta de vehículos ,Nacional,2021,1,Audi,Q7-,Camiones ligeros,SUV's,IMPORTADO,62,26,2021-01
Registro Administrativo de la Industria Automotriz de Vehículos Ligeros. Venta de vehículos ,Nacional,2021,1,Audi,Q8,Camiones ligeros,SUV's,IMPORTADO,4,24,2021-01
Registro Administrativo de la Industria Automotriz de Vehículos Ligeros. Venta de vehículos ,Nacional,2021,1,Audi,R8,Automóviles,De Lujo,IMPORTADO,4,1,2021-01
Registro Administrativo de la Industria Automotriz de Vehículos Ligeros. Venta de vehículos ,Nacional,2021,1,Audi,TT Coupe,Automóviles,De Lujo,IMPORTADO,94,10,2021-01
Registro Administrativo de la Industria Automotriz de Vehículos Ligeros. Venta de vehículos ,Nacional,2021,1,BAIC,BJ20,Camiones ligeros,SUV's,NACIONAL,1,11,2021-01
Registro Administrativo de la Industria Automotriz de Vehículos Ligeros. Venta de vehículos ,Nacional,2021,1,BAIC,BJ40,Camiones ligeros,SUV's,IMPORTADO,43,1,2021-01
Registro Administrativo de la Industria Automotriz de Vehículos Ligeros. Venta de vehículos ,Nacional,2021,1,BAIC,D20,Automóviles,Subcompactos,NACIONAL,1,3,2021-01
Registro Administrativo de la Industria Automotriz de Vehículos Ligeros. Venta de vehículos ,Nacional,2021,1,BAIC,M50S,Camiones ligeros,Minivans,IMPORTADO,43,21,2021-01
Registro Administrativo de la Industria Automotriz de Vehículos Ligeros. Venta de vehículos ,Nacional,2021,1,BAIC,VIGUS3,Camiones ligeros,Pick Ups,IMPORTADO,43,26,2021-01
Registro Administrativo de la Industria Automotriz de Vehículos Ligeros. Venta de vehículos ,Nacional,2021,1,BAIC,X25,Automóviles,Subcompactos,NACIONAL,1,3,2021-01
Registro Administrativo de la Industria Automotriz de Vehículos Ligeros. Venta de vehículos ,Nacional,2021,1,BAIC,X30,Camiones ligeros,SUV's,IMPORTADO,43,75,2021-01
Registro Administrativo de la Industria Automotriz de Vehículos Ligeros. Venta de vehículos ,Nacional,2021,1,BAIC,X35,Automóviles,Subcompactos,IMPORTADO,999,2,2021-01
Registro Administrativo de la Industria Automotriz de Vehículos Ligeros. Venta de vehículos ,Nacional,2021,1,BAIC,X65,Camiones ligeros,SUV's,IMPORTADO,43,20,2021-01
Registro Administrativo de la Industria Automotriz de Vehículos Ligeros. Venta de vehículos ,Nacional,2021,1,Bentley,Flying Spur,Automóviles,De Lujo,IMPORTADO,181,1,2021-01
Registro Administrativo de la Industria Automotriz de Vehículos Ligeros. Venta de vehículos ,Nacional,2021,1,BMW,i3,Automóviles,De Lujo,IMPORTADO,4,2,2021-01
Registro Administrativo de la Industria Automotriz de Vehículos Ligeros. Venta de vehículos ,Nacional,2021,1,BMW,i8,Automóviles,Deportivos,IMPORTADO,4,1,2021-01
Registro Administrativo de la Industria Automotriz de Vehículos Ligeros. Venta de vehículos ,Nacional,2021,1,BMW,Serie 1 Hatch,Automóviles,De Lujo,IMPORTADO,4,24,2021-01
Registro Administrativo de la Industria Automotriz de Vehículos Ligeros. Venta de vehículos ,Nacional,2021,1,BMW,Serie 1 Sedán,Automóviles,De Lujo,IMPORTADO,4,52,2021-01
Registro Administrativo de la Industria Automotriz de Vehículos Ligeros. Venta de vehículos ,Nacional,2021,1,BMW,Serie 2,Automóviles,De Lujo,IMPORTADO,4,37,2021-01
Registro Administrativo de la Industria Automotriz de Vehículos Ligeros. Venta de vehículos ,Nacional,2021,1,BMW,Serie 3,Automóviles,De Lujo,IMPORTADO,4,9,2021-01
Registro Administrativo de la Industria Automotriz de Vehículos Ligeros. Venta de vehículos ,Nacional,2021,1,BMW,Serie 3-,Automóviles,De Lujo,NACIONAL,1,124,2021-01
Registro Administrativo de la Industria Automotriz de Vehículos Ligeros. Venta de vehículos ,Nacional,2021,1,BMW,Serie 4,Automóviles,De Lujo,IMPORTADO,4,46,2021-01
Registro Administrativo de la Industria Automotriz de Vehículos Ligeros. Venta de vehículos ,Nacional,2021,1,BMW,Serie 5,Automóviles,De Lujo,IMPORTADO,4,13,2021-01
Registro Administrativo de la Industria Automotriz de Vehículos Ligeros. Venta de vehículos ,Nacional,2021,1,BMW,Serie 7,Automóviles,De Lujo,IMPORTADO,4,1,2021-01
Registro Administrativo de la Industria Automotriz de Vehículos Ligeros. Venta de vehículos ,Nacional,2021,1,BMW,Serie 8,Automóviles,De Lujo,IMPORTADO,4,3,2021-01
Registro Administrativo de la Industria Automotriz de Vehículos Ligeros. Venta de vehículos ,Nacional,2021,1,BMW,X1,Camiones ligeros,SUV's,IMPORTADO,4,213,2021-01
Registro Administrativo de la Industria Automotriz de Vehículos Ligeros. Venta de vehículos ,Nacional,2021,1,BMW,X2,Camiones ligeros,SUV's,IMPORTADO,4,66,2021-01
Registro Administrativo de la Industria Automotriz de Vehículos Ligeros. Venta de vehículos ,Nacional,2021,1,BMW,X3,Camiones ligeros,SUV's,IMPORTADO,66,117,2021-01
Registro Administrativo de la Industria Automotriz de Vehículos Ligeros. Venta de vehículos ,Nacional,2021,1,BMW,X4,Camiones ligeros,SUV's,IMPORTADO,66,89,2021-01
Registro Administrativo de la Industria Automotriz de Vehículos Ligeros. Venta de vehículos ,Nacional,2021,1,BMW,X5,Camiones ligeros,SUV's,IMPORTADO,66,92,2021-01
Registro Administrativo de la Industria Automotriz de Vehículos Ligeros. Venta de vehículos ,Nacional,2021,1,BMW,X6,Camiones ligeros,SUV's,IMPORTADO,66,74,2021-01
Registro Administrativo de la Industria Automotriz de Vehículos Ligeros. Venta de vehículos ,Nacional,2021,1,BMW,X7,Camiones ligeros,SUV's,IMPORTADO,66,6,2021-01
Registro Administrativo de la Industria Automotriz de Vehículos Ligeros. Venta de vehículos ,Nacional,2021,1,BMW,Z4-,Automóviles,De Lujo,IMPORTADO,4,16,2021-01
Registro Administrativo de la Industria Automotriz de Vehículos Ligeros. Venta de vehículos ,Nacional,2021,1,Chrysler,Attitude,Automóviles,Subcompactos,IMPORTADO,214,566,2021-01
Registro Administrativo de la Industria Automotriz de Vehículos Ligeros. Venta de vehículos ,Nacional,2021,1,Chrysler,Challenger,Automóviles,Deportivos,IMPORTADO,40,22,2021-01
Registro Administrativo de la Industria Automotriz de Vehículos Ligeros. Venta de vehículos ,Nacional,2021,1,Chrysler,Charger,Automóviles,De Lujo,IMPORTADO,40,5,2021-01
Registro Administrativo de la Industria Automotriz de Vehículos Ligeros. Venta de vehículos ,Nacional,2021,1,Chrysler,Cherokee,Camiones ligeros,SUV's,IMPORTADO,66,5,2021-01
Registro Administrativo de la Industria Automotriz de Vehículos Ligeros. Venta de vehículos ,Nacional,2021,1,Chrysler,Chrysler Pacifica,Camiones ligeros,Minivans,IMPORTADO,40,15,2021-01
Registro Administrativo de la Industria Automotriz de Vehículos Ligeros. Venta de vehículos ,Nacional,2021,1,Chrysler,Chrysler 200,Automóviles,De Lujo,IMPORTADO,66,0,2021-01
Registro Administrativo de la Industria Automotriz de Vehículos Ligeros. Venta de vehículos ,Nacional,2021,1,Chrysler,Chrysler 300,Automóviles,De Lujo,IMPORTADO,40,0,2021-01
Registro Administrativo de la Industria Automotriz de Vehículos Ligeros. Venta de vehículos ,Nacional,2021,1,Chrysler,CHRYSLER 300C,Automóviles,De Lujo,IMPORTADO,40,0,2021-01
Registro Administrativo de la Industria Automotriz de Vehículos Ligeros. Venta de vehículos ,Nacional,2021,1,Chrysler,Crew Cab-,Camiones ligeros,Pick Ups,NACIONAL,1,589,2021-01
Registro Administrativo de la Industria Automotriz de Vehículos Ligeros. Venta de vehículos ,Nacional,2021,1,Chrysler,Dodge Neon,Automóviles,Compactos,IMPORTADO,227,16,2021-01
Registro Administrativo de la Industria Automotriz de Vehículos Ligeros. Venta de vehículos ,Nacional,2021,1,Chrysler,Durango,Camiones ligeros,SUV's,IMPORTADO,66,24,2021-01
Registro Administrativo de la Industria Automotriz de Vehículos Ligeros. Venta de vehículos ,Nacional,2021,1,Chrysler,Gladiator,Camiones ligeros,Pick Ups,IMPORTADO,66,115,2021-01
Registro Administrativo de la Industria Automotriz de Vehículos Ligeros. Venta de vehículos ,Nacional,2021,1,Chrysler,Grand Caravan,Camiones ligeros,Minivans,IMPORTADO,40,6,2021-01
Registro Administrativo de la Industria Automotriz de Vehículos Ligeros. Venta de vehículos ,Nacional,2021,1,Chrysler,Grand Cherokee,Camiones ligeros,SUV's,IMPORTADO,66,147,2021-01
Registro Administrativo de la Industria Automotriz de Vehículos Ligeros. Venta de vehículos ,Nacional,2021,1,Chrysler,Jeep Compass,Camiones ligeros,SUV's,IMPORTADO,66,0,2021-01
Registro Administrativo de la Industria Automotriz de Vehículos Ligeros. Venta de vehículos ,Nacional,2021,1,Chrysler,Jeep Compass-,Camiones ligeros,SUV's,NACIONAL,1,117,2021-01
Registro Administrativo de la Industria Automotriz de Vehículos Ligeros. Venta de vehículos ,Nacional,2021,1,Chrysler,Journey,Camiones ligeros,SUV's,NACIONAL,1,0,2021-01
Registro Administrativo de la Industria Automotriz de Vehículos Ligeros. Venta de vehículos ,Nacional,2021,1,Chrysler,Patriot,Camiones ligeros,SUV's,IMPORTADO,66,0,2021-01
Registro Administrativo de la Industria Automotriz de Vehículos Ligeros. Venta de vehículos ,Nacional,2021,1,Chrysler,Promaster,Camiones ligeros,SUV's,NACIONAL,1,78,2021-01
Registro Administrativo de la Industria Automotriz de Vehículos Ligeros. Venta de vehículos ,Nacional,2021,1,Chrysler,Promaster Rapid,Camiones ligeros,Pick Ups,IMPORTADO,31,422,2021-01
Registro Administrativo de la Industria Automotriz de Vehículos Ligeros. Venta de vehículos ,Nacional,2021,1,Chrysler,RAM 1500-,Camiones ligeros,Pick Ups,NACIONAL,1,65,2021-01
Registro Administrativo de la Industria Automotriz de Vehículos Ligeros. Venta de vehículos ,Nacional,2021,1,Chrysler,RAM 2500-,Camiones ligeros,Pick Ups,NACIONAL,1,1,2021-01
Registro Administrativo de la Industria Automotriz de Vehículos Ligeros. Venta de vehículos ,Nacional,2021,1,Chrysler,RAM 4000,Camiones ligeros,Pick Ups,NACIONAL,1,247,2021-01
Registro Administrativo de la Industria Automotriz de Vehículos Ligeros. Venta de vehículos ,Nacional,2021,1,Chrysler,RAM 4000 Diesel,Camiones ligeros,Pick Ups,NACIONAL,1,0,2021-01
Registro Administrativo de la Industria Automotriz de Vehículos Ligeros. Venta de vehículos ,Nacional,2021,1,Chrysler,RAM 700,Camiones ligeros,Pick Ups,IMPORTADO,31,534,2021-01
Registro Administrativo de la Industria Automotriz de Vehículos Ligeros. Venta de vehículos ,Nacional,2021,1,Chrysler,Renegade,Camiones ligeros,SUV's,IMPORTADO,31,157,2021-01
Registro Administrativo de la Industria Automotriz de Vehículos Ligeros. Venta de vehículos ,Nacional,2021,1,Chrysler,Viper,Automóviles,Deportivos,IMPORTADO,66,0,2021-01
Registro Administrativo de la Industria Automotriz de Vehículos Ligeros. Venta de vehículos ,Nacional,2021,1,Chrysler,Vision,Automóviles,Subcompactos,IMPORTADO,31,0,2021-01
Registro Administrativo de la Industria Automotriz de Vehículos Ligeros. Venta de vehículos ,Nacional,2021,1,Chrysler,Voyager Town&Country LTD,Camiones ligeros,Minivans,IMPORTADO,40,0,2021-01
Registro Administrativo de la Industria Automotriz de Vehículos Ligeros. Venta de vehículos ,Nacional,2021,1,Chrysler,Voyager Town&Country LX,Camiones ligeros,Minivans,IMPORTADO,40,0,2021-01
Registro Administrativo de la Industria Automotriz de Vehículos Ligeros. Venta de vehículos ,Nacional,2021,1,Chrysler,Wrangler,Camiones ligeros,SUV's,IMPORTADO,66,195,2021-01
Registro Administrativo de la Industria Automotriz de Vehículos Ligeros. Venta de vehículos ,Nacional,2021,1,Fiat,Argo,Automóviles,Subcompactos,IMPORTADO,31,159,2021-01
Registro Administrativo de la Industria Automotriz de Vehículos Ligeros. Venta de vehículos ,Nacional,2021,1,Fiat,Ducato,Camiones ligeros,Pick Ups,IMPORTADO,124,45,2021-01
Registro Administrativo de la Industria Automotriz de Vehículos Ligeros. Venta de vehículos ,Nacional,2021,1,Fiat,Fiat 500,Automóviles,Subcompactos,IMPORTADO,124,0,2021-01
Registro Administrativo de la Industria Automotriz de Vehículos Ligeros. Venta de vehículos ,Nacional,2021,1,Fiat,Fiat 500-,Automóviles,Subcompactos,NACIONAL,1,0,2021-01
Registro Administrativo de la Industria Automotriz de Vehículos Ligeros. Venta de vehículos ,Nacional,2021,1,Fiat,Mobi,Automóviles,Subcompactos,IMPORTADO,31,213,2021-01
Registro Administrativo de la Industria Automotriz de Vehículos Ligeros. Venta de vehículos ,Nacional,2021,1,Fiat,Nuevo Palio,Automóviles,Compactos,IMPORTADO,31,0,2021-01
Registro Administrativo de la Industria Automotriz de Vehículos Ligeros. Venta de vehículos ,Nacional,2021,1,Fiat,Palio Adventure,Automóviles,Subcompactos,IMPORTADO,31,2,2021-01
Registro Administrativo de la Industria Automotriz de Vehículos Ligeros. Venta de vehículos ,Nacional,2021,1,Fiat,Uno,Automóviles,Subcompactos,IMPORTADO,31,119,2021-01
Registro Administrativo de la Industria Automotriz de Vehículos Ligeros. Venta de vehículos ,Nacional,2021,1,Fiat,124 Spider,Automóviles,De Lujo,IMPORTADO,126,0,2021-01
Registro Administrativo de la Industria Automotriz de Vehículos Ligeros. Venta de vehículos ,Nacional,2021,1,Fiat,500L,Automóviles,Compactos,IMPORTADO,200,1,2021-01
Registro Administrativo de la Industria Automotriz de Vehículos Ligeros. Venta de vehículos ,Nacional,2021,1,Fiat,500X,Automóviles,Deportivos,IMPORTADO,124,0,2021-01
Registro Administrativo de la Industria Automotriz de Vehículos Ligeros. Venta de vehículos ,Nacional,2021,1,Ford Motor,Bronco Sport,Camiones ligeros,SUV's,NACIONAL,1,20,2021-01
Registro Administrativo de la Industria Automotriz de Vehículos Ligeros. Venta de vehículos ,Nacional,2021,1,Ford Motor,Ecosport,Camiones ligeros,SUV's,IMPORTADO,31,229,2021-01
Registro Administrativo de la Industria Automotriz de Vehículos Ligeros. Venta de vehículos ,Nacional,2021,1,Ford Motor,Edge,Camiones ligeros,SUV's,IMPORTADO,40,11,2021-01
Registro Administrativo de la Industria Automotriz de Vehículos Ligeros. Venta de vehículos ,Nacional,2021,1,Ford Motor,Escape,Camiones ligeros,SUV's,IMPORTADO,66,37,2021-01
Registro Administrativo de la Industria Automotriz de Vehículos Ligeros. Venta de vehículos ,Nacional,2021,1,Ford Motor,Escape HEV,Camiones ligeros,SUV's,IMPORTADO,66,32,2021-01
Registro Administrativo de la Industria Automotriz de Vehículos Ligeros. Venta de vehículos ,Nacional,2021,1,Ford Motor,Expedition,Camiones ligeros,Minivans,IMPORTADO,66,28,2021-01
Registro Administrativo de la Industria Automotriz de Vehículos Ligeros. Venta de vehículos ,Nacional,2021,1,Ford Motor,Explorer,Camiones ligeros,SUV's,IMPORTADO,66,132,2021-01
Registro Administrativo de la Industria Automotriz de Vehículos Ligeros. Venta de vehículos ,Nacional,2021,1,Ford Motor,F 250 Super Duty,Camiones ligeros,Pick Ups,IMPORTADO,66,64,2021-01
Registro Administrativo de la Industria Automotriz de Vehículos Ligeros. Venta de vehículos ,Nacional,2021,1,Ford Motor,Figo Sedan,Automóviles,Subcompactos,IMPORTADO,95,552,2021-01
Registro Administrativo de la Industria Automotriz de Vehículos Ligeros. Venta de vehículos ,Nacional,2021,1,Ford Motor,Fusion,Automóviles,Compactos,NACIONAL,1,4,2021-01
Registro Administrativo de la Industria Automotriz de Vehículos Ligeros. Venta de vehículos ,Nacional,2021,1,Ford Motor,Fusion Hibrido,Automóviles,Compactos,NACIONAL,1,4,2021-01
Registro Administrativo de la Industria Automotriz de Vehículos Ligeros. Venta de vehículos ,Nacional,2021,1,Ford Motor,F-350,Camiones ligeros,Pick Ups,IMPORTADO,66,274,2021-01
Registro Administrativo de la Industria Automotriz de Vehículos Ligeros. Venta de vehículos ,Nacional,2021,1,Ford Motor,F-450,Camiones ligeros,Pick Ups,IMPORTADO,66,36,2021-01
Registro Administrativo de la Industria Automotriz de Vehículos Ligeros. Venta de vehículos ,Nacional,2021,1,Ford Motor,F450 Diesel,Camiones ligeros,Pick Ups,IMPORTADO,66,33,2021-01
Registro Administrativo de la Industria Automotriz de Vehículos Ligeros. Venta de vehículos ,Nacional,2021,1,Ford Motor,F-550,Camiones ligeros,Pick Ups,IMPORTADO,66,14,2021-01
Registro Administrativo de la Industria Automotriz de Vehículos Ligeros. Venta de vehículos ,Nacional,2021,1,Ford Motor,F550 Diesel,Camiones ligeros,Pick Ups,IMPORTADO,66,14,2021-01
Registro Administrativo de la Industria Automotriz de Vehículos Ligeros. Venta de vehículos ,Nacional,2021,1,Ford Motor,Lobo Crew Cab,Camiones ligeros,Pick Ups,IMPORTADO,66,309,2021-01
Registro Administrativo de la Industria Automotriz de Vehículos Ligeros. Venta de vehículos ,Nacional,2021,1,Ford Motor,Lobo Regular Cab,Camiones ligeros,Pick Ups,IMPORTADO,66,5,2021-01
Registro Administrativo de la Industria Automotriz de Vehículos Ligeros. Venta de vehículos ,Nacional,2021,1,Ford Motor,Mustang,Automóviles,Deportivos,IMPORTADO,66,37,2021-01
Registro Administrativo de la Industria Automotriz de Vehículos Ligeros. Venta de vehículos ,Nacional,2021,1,Ford Motor,New F150 / F-150,Camiones ligeros,Pick Ups,IMPORTADO,66,72,2021-01
Registro Administrativo de la Industria Automotriz de Vehículos Ligeros. Venta de vehículos ,Nacional,2021,1,Ford Motor,Ranger,Camiones ligeros,Pick Ups,IMPORTADO,12,0,2021-01
Registro Administrativo de la Industria Automotriz de Vehículos Ligeros. Venta de vehículos ,Nacional,2021,1,Ford Motor,Ranger Crew Cab,Camiones ligeros,Pick Ups,IMPORTADO,12,599,2021-01
Registro Administrativo de la Industria Automotriz de Vehículos Ligeros. Venta de vehículos ,Nacional,2021,1,Ford Motor,Transit,Camiones ligeros,SUV's,IMPORTADO,181,456,2021-01
Registro Administrativo de la Industria Automotriz de Vehículos Ligeros. Venta de vehículos ,Nacional,2021,1,General Motors,Acadia,Camiones ligeros,SUV's,IMPORTADO,66,32,2021-01
Registro Administrativo de la Industria Automotriz de Vehículos Ligeros. Venta de vehículos ,Nacional,2021,1,General Motors,Ats 4p,Automóviles,De Lujo,IMPORTADO,66,0,2021-01
Registro Administrativo de la Industria Automotriz de Vehículos Ligeros. Venta de vehículos ,Nacional,2021,1,General Motors,Avalanche UUV,Camiones ligeros,Pick Ups,NACIONAL,1,0,2021-01
Registro Administrativo de la Industria Automotriz de Vehículos Ligeros. Venta de vehículos ,Nacional,2021,1,General Motors,Aveo,Automóviles,Subcompactos,IMPORTADO,43,2188,2021-01
Registro Administrativo de la Industria Automotriz de Vehículos Ligeros. Venta de vehículos ,Nacional,2021,1,General Motors,Aveo-,Automóviles,Subcompactos,NACIONAL,1,0,2021-01
Registro Administrativo de la Industria Automotriz de Vehículos Ligeros. Venta de vehículos ,Nacional,2021,1,General Motors,Beat,Automóviles,Subcompactos,IMPORTADO,95,768,2021-01
Registro Administrativo de la Industria Automotriz de Vehículos Ligeros. Venta de vehículos ,Nacional,2021,1,General Motors,Beat 4 PTAS.,Automóviles,Subcompactos,IMPORTADO,95,1618,2021-01
Registro Administrativo de la Industria Automotriz de Vehículos Ligeros. Venta de vehículos ,Nacional,2021,1,General Motors,Blazer,Camiones ligeros,SUV's,NACIONAL,1,129,2021-01
Registro Administrativo de la Industria Automotriz de Vehículos Ligeros. Venta de vehículos ,Nacional,2021,1,General Motors,Bolt,Automóviles,Subcompactos,IMPORTADO,66,0,2021-01
Registro Administrativo de la Industria Automotriz de Vehículos Ligeros. Venta de vehículos ,Nacional,2021,1,General Motors,Camaro,Automóviles,Deportivos,IMPORTADO,40,10,2021-01
Registro Administrativo de la Industria Automotriz de Vehículos Ligeros. Venta de vehículos ,Nacional,2021,1,General Motors,Camaro Convertible,Automóviles,De Lujo,IMPORTADO,40,0,2021-01
Registro Administrativo de la Industria Automotriz de Vehículos Ligeros. Venta de vehículos ,Nacional,2021,1,General Motors,Captiva Sport,Camiones ligeros,SUV's,NACIONAL,1,0,2021-01
Registro Administrativo de la Industria Automotriz de Vehículos Ligeros. Venta de vehículos ,Nacional,2021,1,General Motors,Cavalier 4 Ptas,Automóviles,Compactos,IMPORTADO,43,451,2021-01
Registro Administrativo de la Industria Automotriz de Vehículos Ligeros. Venta de vehículos ,Nacional,2021,1,General Motors,Chevrolet Express Cargo Van,Camiones ligeros,Minivans,IMPORTADO,66,6,2021-01
Registro Administrativo de la Industria Automotriz de Vehículos Ligeros. Venta de vehículos ,Nacional,2021,1,General Motors,Chevrolet Express Cutaway,Camiones ligeros,Minivans,IMPORTADO,66,0,2021-01
Registro Administrativo de la Industria Automotriz de Vehículos Ligeros. Venta de vehículos ,Nacional,2021,1,General Motors,Chevrolet Express Passenger Van,Camiones ligeros,Minivans,IMPORTADO,66,11,2021-01
Registro Administrativo de la Industria Automotriz de Vehículos Ligeros. Venta de vehículos ,Nacional,2021,1,General Motors,Chevy 3 Ptas,Automóviles,Subcompactos,NACIONAL,1,0,2021-01
Registro Administrativo de la Industria Automotriz de Vehículos Ligeros. Venta de vehículos ,Nacional,2021,1,General Motors,Chevy 4 PTAS,Automóviles,Subcompactos,NACIONAL,1,0,2021-01
Registro Administrativo de la Industria Automotriz de Vehículos Ligeros. Venta de vehículos ,Nacional,2021,1,General Motors,Cheyenne  Doble Cabina,Camiones ligeros,Pick Ups,NACIONAL,1,106,2021-01
Registro Administrativo de la Industria Automotriz de Vehículos Ligeros. Venta de vehículos ,Nacional,2021,1,General Motors,Cheyenne Cabina Regular,Camiones ligeros,Pick Ups,NACIONAL,1,70,2021-01
Registro Administrativo de la Industria Automotriz de Vehículos Ligeros. Venta de vehículos ,Nacional,2021,1,General Motors,Cheyenne Doble Cabina,Camiones ligeros,Pick Ups,IMPORTADO,66,0,2021-01
Registro Administrativo de la Industria Automotriz de Vehículos Ligeros. Venta de vehículos ,Nacional,2021,1,General Motors,Colorado Doble Cabina,Camiones ligeros,Pick Ups,IMPORTADO,214,61,2021-01
Registro Administrativo de la Industria Automotriz de Vehículos Ligeros. Venta de vehículos ,Nacional,2021,1,General Motors,Corvette,Automóviles,Deportivos,IMPORTADO,66,3,2021-01
Registro Administrativo de la Industria Automotriz de Vehículos Ligeros. Venta de vehículos ,Nacional,2021,1,General Motors,Corvette 2  Pts. Convertible,Automóviles,De Lujo,IMPORTADO,66,0,2021-01
Registro Administrativo de la Industria Automotriz de Vehículos Ligeros. Venta de vehículos ,Nacional,2021,1,General Motors,Cruze 4 PTAS-,Automóviles,Compactos,NACIONAL,1,0,2021-01
Registro Administrativo de la Industria Automotriz de Vehículos Ligeros. Venta de vehículos ,Nacional,2021,1,General Motors,Cruze 4 Ptas,Automóviles,Compactos,IMPORTADO,48,0,2021-01
Registro Administrativo de la Industria Automotriz de Vehículos Ligeros. Venta de vehículos ,Nacional,2021,1,General Motors,Cruze 5 Ptas,Automóviles,Compactos,NACIONAL,1,0,2021-01
Registro Administrativo de la Industria Automotriz de Vehículos Ligeros. Venta de vehículos ,Nacional,2021,1,General Motors,Cts 2 Ptas,Automóviles,De Lujo,IMPORTADO,66,0,2021-01
Registro Administrativo de la Industria Automotriz de Vehículos Ligeros. Venta de vehículos ,Nacional,2021,1,General Motors,Cts 4 Ptas,Automóviles,De Lujo,IMPORTADO,66,0,2021-01
Registro Administrativo de la Industria Automotriz de Vehículos Ligeros. Venta de vehículos ,Nacional,2021,1,General Motors,Enclave,Camiones ligeros,SUV's,IMPORTADO,66,41,2021-01
Registro Administrativo de la Industria Automotriz de Vehículos Ligeros. Venta de vehículos ,Nacional,2021,1,General Motors,Encore,Camiones ligeros,SUV's,IMPORTADO,48,60,2021-01
Registro Administrativo de la Industria Automotriz de Vehículos Ligeros. Venta de vehículos ,Nacional,2021,1,General Motors,Envision SUV,Camiones ligeros,SUV's,IMPORTADO,43,15,2021-01
Registro Administrativo de la Industria Automotriz de Vehículos Ligeros. Venta de vehículos ,Nacional,2021,1,General Motors,Epica,Automóviles,Compactos,IMPORTADO,48,0,2021-01
Registro Administrativo de la Industria Automotriz de Vehículos Ligeros. Venta de vehículos ,Nacional,2021,1,General Motors,Equinox SUV-,Camiones ligeros,SUV's,NACIONAL,1,127,2021-01
Registro Administrativo de la Industria Automotriz de Vehículos Ligeros. Venta de vehículos ,Nacional,2021,1,General Motors,Equinox Suv,Camiones ligeros,SUV's,IMPORTADO,66,0,2021-01
Registro Administrativo de la Industria Automotriz de Vehículos Ligeros. Venta de vehículos ,Nacional,2021,1,General Motors,Escalade ESV SUV AWD,Camiones ligeros,Minivans,IMPORTADO,66,27,2021-01
Registro Administrativo de la Industria Automotriz de Vehículos Ligeros. Venta de vehículos ,Nacional,2021,1,General Motors,Escalade ESV SUV AWD,Camiones ligeros,Minivans,NACIONAL,1,0,2021-01
Registro Administrativo de la Industria Automotriz de Vehículos Ligeros. Venta de vehículos ,Nacional,2021,1,General Motors,Escalade EXT UUV 4X4,Camiones ligeros,Minivans,NACIONAL,1,0,2021-01
Registro Administrativo de la Industria Automotriz de Vehículos Ligeros. Venta de vehículos ,Nacional,2021,1,General Motors,Escalade Suv,Camiones ligeros,Minivans,IMPORTADO,66,11,2021-01
Registro Administrativo de la Industria Automotriz de Vehículos Ligeros. Venta de vehículos ,Nacional,2021,1,General Motors,GMC Sierra Cabina Regular,Camiones ligeros,Pick Ups,IMPORTADO,66,0,2021-01
Registro Administrativo de la Industria Automotriz de Vehículos Ligeros. Venta de vehículos ,Nacional,2021,1,General Motors,GMC Sierra Doble Cabina,Camiones ligeros,Pick Ups,NACIONAL,1,0,2021-01
Registro Administrativo de la Industria Automotriz de Vehículos Ligeros. Venta de vehículos ,Nacional,2021,1,General Motors,"Kodiak Chassis Cab Class 7 PBV33,000",Camiones ligeros,Pick Ups,NACIONAL,1,0,2021-01
Registro Administrativo de la Industria Automotriz de Vehículos Ligeros. Venta de vehículos ,Nacional,2021,1,General Motors,Lacrosse,Automóviles,De Lujo,IMPORTADO,66,0,2021-01
Registro Administrativo de la Industria Automotriz de Vehículos Ligeros. Venta de vehículos ,Nacional,2021,1,General Motors,Malibu 4 Ptas,Automóviles,Compactos,IMPORTADO,66,0,2021-01
Registro Administrativo de la Industria Automotriz de Vehículos Ligeros. Venta de vehículos ,Nacional,2021,1,General Motors,Matiz 5 Ptas,Automóviles,Subcompactos,IMPORTADO,48,0,2021-01
Registro Administrativo de la Industria Automotriz de Vehículos Ligeros. Venta de vehículos ,Nacional,2021,1,General Motors,Onix,Automóviles,Compactos,NACIONAL,1,2857,2021-01
Registro Administrativo de la Industria Automotriz de Vehículos Ligeros. Venta de vehículos ,Nacional,2021,1,General Motors,Regal,Automóviles,De Lujo,IMPORTADO,40,0,2021-01
Registro Administrativo de la Industria Automotriz de Vehículos Ligeros. Venta de vehículos ,Nacional,2021,1,General Motors,Sierra Cabina Regular,Camiones ligeros,Pick Ups,NACIONAL,1,60,2021-01
Registro Administrativo de la Industria Automotriz de Vehículos Ligeros. Venta de vehículos ,Nacional,2021,1,General Motors,Sierra Doble Cabina,Camiones ligeros,Pick Ups,IMPORTADO,66,25,2021-01
Registro Administrativo de la Industria Automotriz de Vehículos Ligeros. Venta de vehículos ,Nacional,2021,1,General Motors,Sierra Doble Cabina,Camiones ligeros,Pick Ups,NACIONAL,1,82,2021-01
Registro Administrativo de la Industria Automotriz de Vehículos Ligeros. Venta de vehículos ,Nacional,2021,1,General Motors,Silverado Cabina Regular,Camiones ligeros,Pick Ups,NACIONAL,1,181,2021-01
Registro Administrativo de la Industria Automotriz de Vehículos Ligeros. Venta de vehículos ,Nacional,2021,1,General Motors,Silverado Cabina Regular,Camiones ligeros,Pick Ups,NACIONAL,1,0,2021-01
Registro Administrativo de la Industria Automotriz de Vehículos Ligeros. Venta de vehículos ,Nacional,2021,1,General Motors,Silverado Doble Cabina,Camiones ligeros,Pick Ups,NACIONAL,1,347,2021-01
Registro Administrativo de la Industria Automotriz de Vehículos Ligeros. Venta de vehículos ,Nacional,2021,1,General Motors,Silverado 1500 Cabina Regular,Camiones ligeros,Pick Ups,IMPORTADO,66,0,2021-01
Registro Administrativo de la Industria Automotriz de Vehículos Ligeros. Venta de vehículos ,Nacional,2021,1,General Motors,Silverado 1500 Cabina Regular-,Camiones ligeros,Pick Ups,NACIONAL,1,0,2021-01
Registro Administrativo de la Industria Automotriz de Vehículos Ligeros. Venta de vehículos ,Nacional,2021,1,General Motors,Silverado 2500 Cabina Extendida,Camiones ligeros,Pick Ups,IMPORTADO,66,0,2021-01
Registro Administrativo de la Industria Automotriz de Vehículos Ligeros. Venta de vehículos ,Nacional,2021,1,General Motors,Silverado 2500 Cabina Regular,Camiones ligeros,Pick Ups,IMPORTADO,66,0,2021-01
Registro Administrativo de la Industria Automotriz de Vehículos Ligeros. Venta de vehículos ,Nacional,2021,1,General Motors,Silverado 2500 Cabina Regular-,Camiones ligeros,Pick Ups,NACIONAL,1,0,2021-01
Registro Administrativo de la Industria Automotriz de Vehículos Ligeros. Venta de vehículos ,Nacional,2021,1,General Motors,Silverado 2500 Doble Cabina-,Camiones ligeros,Pick Ups,NACIONAL,1,0,2021-01
Registro Administrativo de la Industria Automotriz de Vehículos Ligeros. Venta de vehículos ,Nacional,2021,1,General Motors,Silverado 3500 Chassis Cab,Camiones ligeros,Pick Ups,NACIONAL,1,48,2021-01
Registro Administrativo de la Industria Automotriz de Vehículos Ligeros. Venta de vehículos ,Nacional,2021,1,General Motors,Silverado 3500 HD Chassis Cab Heavy Duty,Camiones ligeros,Pick Ups,NACIONAL,1,0,2021-01
Registro Administrativo de la Industria Automotriz de Vehículos Ligeros. Venta de vehículos ,Nacional,2021,1,General Motors,Sonic-,Automóviles,Subcompactos,NACIONAL,1,0,2021-01
Registro Administrativo de la Industria Automotriz de Vehículos Ligeros. Venta de vehículos ,Nacional,2021,1,General Motors,Sonic 5 PTS,Automóviles,Subcompactos,IMPORTADO,66,0,2021-01
Registro Administrativo de la Industria Automotriz de Vehículos Ligeros. Venta de vehículos ,Nacional,2021,1,General Motors,Sonic 5 PTS-,Automóviles,Subcompactos,NACIONAL,1,0,2021-01
Registro Administrativo de la Industria Automotriz de Vehículos Ligeros. Venta de vehículos ,Nacional,2021,1,General Motors,Spark,Automóviles,Subcompactos,IMPORTADO,95,0,2021-01
Registro Administrativo de la Industria Automotriz de Vehículos Ligeros. Venta de vehículos ,Nacional,2021,1,General Motors,Spark EV 5 Ptas.,Automóviles,Subcompactos,IMPORTADO,48,0,2021-01
Registro Administrativo de la Industria Automotriz de Vehículos Ligeros. Venta de vehículos ,Nacional,2021,1,General Motors,Spark NG,Automóviles,Subcompactos,IMPORTADO,48,421,2021-01
Registro Administrativo de la Industria Automotriz de Vehículos Ligeros. Venta de vehículos ,Nacional,2021,1,General Motors,SRX SUV-,Camiones ligeros,SUV's,NACIONAL,1,0,2021-01
Registro Administrativo de la Industria Automotriz de Vehículos Ligeros. Venta de vehículos ,Nacional,2021,1,General Motors,Suburban Suv,Camiones ligeros,SUV's,IMPORTADO,66,168,2021-01
Registro Administrativo de la Industria Automotriz de Vehículos Ligeros. Venta de vehículos ,Nacional,2021,1,General Motors,S10,Camiones ligeros,Pick Ups,IMPORTADO,31,0,2021-01
Registro Administrativo de la Industria Automotriz de Vehículos Ligeros. Venta de vehículos ,Nacional,2021,1,General Motors,Tahoe,Camiones ligeros,SUV's,IMPORTADO,66,149,2021-01
Registro Administrativo de la Industria Automotriz de Vehículos Ligeros. Venta de vehículos ,Nacional,2021,1,General Motors,Terrain SUV-,Camiones ligeros,SUV's,NACIONAL,1,127,2021-01
Registro Administrativo de la Industria Automotriz de Vehículos Ligeros. Venta de vehículos ,Nacional,2021,1,General Motors,Terrain Suv,Camiones ligeros,SUV's,IMPORTADO,40,0,2021-01
Registro Administrativo de la Industria Automotriz de Vehículos Ligeros. Venta de vehículos ,Nacional,2021,1,General Motors,Tornado Pickup,Camiones ligeros,Pick Ups,IMPORTADO,31,29,2021-01
Registro Administrativo de la Industria Automotriz de Vehículos Ligeros. Venta de vehículos ,Nacional,2021,1,General Motors,Tracker,Camiones ligeros,SUV's,IMPORTADO,31,1369,2021-01
Registro Administrativo de la Industria Automotriz de Vehículos Ligeros. Venta de vehículos ,Nacional,2021,1,General Motors,Traverse Suv,Camiones ligeros,SUV's,IMPORTADO,66,33,2021-01
Registro Administrativo de la Industria Automotriz de Vehículos Ligeros. Venta de vehículos ,Nacional,2021,1,General Motors,Trax,Camiones ligeros,SUV's,NACIONAL,1,19,2021-01
Registro Administrativo de la Industria Automotriz de Vehículos Ligeros. Venta de vehículos ,Nacional,2021,1,General Motors,Verano,Automóviles,De Lujo,IMPORTADO,66,0,2021-01
Registro Administrativo de la Industria Automotriz de Vehículos Ligeros. Venta de vehículos ,Nacional,2021,1,General Motors,Volt 4 Ptas.,Automóviles,Subcompactos,IMPORTADO,66,0,2021-01
Registro Administrativo de la Industria Automotriz de Vehículos Ligeros. Venta de vehículos ,Nacional,2021,1,General Motors,Xt4 Suv,Camiones ligeros,SUV's,IMPORTADO,66,18,2021-01
Registro Administrativo de la Industria Automotriz de Vehículos Ligeros. Venta de vehículos ,Nacional,2021,1,General Motors,XT5 SUV,Camiones ligeros,SUV's,IMPORTADO,66,14,2021-01
Registro Administrativo de la Industria Automotriz de Vehículos Ligeros. Venta de vehículos ,Nacional,2021,1,General Motors,Yukon Suv,Camiones ligeros,SUV's,IMPORTADO,66,25,2021-01
Registro Administrativo de la Industria Automotriz de Vehículos Ligeros. Venta de vehículos ,Nacional,2021,1,General Motors,Yukon XL,Camiones ligeros,SUV's,IMPORTADO,66,39,2021-01
Registro Administrativo de la Industria Automotriz de Vehículos Ligeros. Venta de vehículos ,Nacional,2021,1,Honda,Accord 4pts,Automóviles,De Lujo,IMPORTADO,66,237,2021-01
Registro Administrativo de la Industria Automotriz de Vehículos Ligeros. Venta de vehículos ,Nacional,2021,1,Honda,BR-V,Camiones ligeros,SUV's,IMPORTADO,214,394,2021-01
Registro Administrativo de la Industria Automotriz de Vehículos Ligeros. Venta de vehículos ,Nacional,2021,1,Honda,Civic 4pts Ta,Automóviles,Compactos,IMPORTADO,66,235,2021-01
Registro Administrativo de la Industria Automotriz de Vehículos Ligeros. Venta de vehículos ,Nacional,2021,1,Honda,Civic 4pts Tm,Automóviles,Compactos,IMPORTADO,66,23,2021-01
Registro Administrativo de la Industria Automotriz de Vehículos Ligeros. Venta de vehículos ,Nacional,2021,1,Honda,CR-V,Camiones ligeros,SUV's,IMPORTADO,66,1043,2021-01
Registro Administrativo de la Industria Automotriz de Vehículos Ligeros. Venta de vehículos ,Nacional,2021,1,Honda,Fit-,Automóviles,Subcompactos,NACIONAL,1,120,2021-01
Registro Administrativo de la Industria Automotriz de Vehículos Ligeros. Venta de vehículos ,Nacional,2021,1,Honda,Honda City,Automóviles,Compactos,IMPORTADO,31,18,2021-01
Registro Administrativo de la Industria Automotriz de Vehículos Ligeros. Venta de vehículos ,Nacional,2021,1,Honda,Honda Pilot,Camiones ligeros,SUV's,IMPORTADO,66,63,2021-01
Registro Administrativo de la Industria Automotriz de Vehículos Ligeros. Venta de vehículos ,Nacional,2021,1,Honda,HR-V-,Camiones ligeros,SUV's,NACIONAL,1,1056,2021-01
Registro Administrativo de la Industria Automotriz de Vehículos Ligeros. Venta de vehículos ,Nacional,2021,1,Honda,Insight Hybrid,Automóviles,Compactos,IMPORTADO,66,35,2021-01
Registro Administrativo de la Industria Automotriz de Vehículos Ligeros. Venta de vehículos ,Nacional,2021,1,Honda,Odyssey,Camiones ligeros,Minivans,IMPORTADO,40,227,2021-01
Registro Administrativo de la Industria Automotriz de Vehículos Ligeros. Venta de vehículos ,Nacional,2021,1,Hyundai,Accent Hatchback,Automóviles,Subcompactos,NACIONAL,1,22,2021-01
Registro Administrativo de la Industria Automotriz de Vehículos Ligeros. Venta de vehículos ,Nacional,2021,1,Hyundai,Accent Sedan,Automóviles,Subcompactos,NACIONAL,1,142,2021-01
Registro Administrativo de la Industria Automotriz de Vehículos Ligeros. Venta de vehículos ,Nacional,2021,1,Hyundai,Creta,Camiones ligeros,SUV's,IMPORTADO,95,881,2021-01
Registro Administrativo de la Industria Automotriz de Vehículos Ligeros. Venta de vehículos ,Nacional,2021,1,Hyundai,Elantra,Automóviles,Compactos,IMPORTADO,66,39,2021-01
Registro Administrativo de la Industria Automotriz de Vehículos Ligeros. Venta de vehículos ,Nacional,2021,1,Hyundai,Genesis,Automóviles,De Lujo,IMPORTADO,48,0,2021-01
Registro Administrativo de la Industria Automotriz de Vehículos Ligeros. Venta de vehículos ,Nacional,2021,1,Hyundai,Grand I10,Automóviles,Subcompactos,IMPORTADO,95,533,2021-01
Registro Administrativo de la Industria Automotriz de Vehículos Ligeros. Venta de vehículos ,Nacional,2021,1,Hyundai,Grand I10 Sedán,Automóviles,Subcompactos,IMPORTADO,95,942,2021-01
Registro Administrativo de la Industria Automotriz de Vehículos Ligeros. Venta de vehículos ,Nacional,2021,1,Hyundai,Ioniq,Automóviles,Compactos,IMPORTADO,48,12,2021-01
Registro Administrativo de la Industria Automotriz de Vehículos Ligeros. Venta de vehículos ,Nacional,2021,1,Hyundai,IX35,Camiones ligeros,SUV's,IMPORTADO,184,0,2021-01
Registro Administrativo de la Industria Automotriz de Vehículos Ligeros. Venta de vehículos ,Nacional,2021,1,Hyundai,Santa Fe,Camiones ligeros,SUV's,IMPORTADO,66,29,2021-01
Registro Administrativo de la Industria Automotriz de Vehículos Ligeros. Venta de vehículos ,Nacional,2021,1,Hyundai,Santa FE 7 P,Camiones ligeros,SUV's,IMPORTADO,48,0,2021-01
Registro Administrativo de la Industria Automotriz de Vehículos Ligeros. Venta de vehículos ,Nacional,2021,1,Hyundai,Sonata,Automóviles,Compactos,IMPORTADO,66,0,2021-01
Registro Administrativo de la Industria Automotriz de Vehículos Ligeros. Venta de vehículos ,Nacional,2021,1,Hyundai,Starex,Camiones ligeros,Minivans,IMPORTADO,48,0,2021-01
Registro Administrativo de la Industria Automotriz de Vehículos Ligeros. Venta de vehículos ,Nacional,2021,1,Hyundai,Tucson,Camiones ligeros,SUV's,IMPORTADO,184,30,2021-01
Registro Administrativo de la Industria Automotriz de Vehículos Ligeros. Venta de vehículos ,Nacional,2021,1,Hyundai,Veloster,Automóviles,Deportivos,IMPORTADO,48,0,2021-01
Registro Administrativo de la Industria Automotriz de Vehículos Ligeros. Venta de vehículos ,Nacional,2021,1,Infiniti,Infiniti,Automóviles,De Lujo,IMPORTADO,126,0,2021-01
Registro Administrativo de la Industria Automotriz de Vehículos Ligeros. Venta de vehículos ,Nacional,2021,1,Infiniti,QX30,Automóviles,De Lujo,IMPORTADO,181,0,2021-01
Registro Administrativo de la Industria Automotriz de Vehículos Ligeros. Venta de vehículos ,Nacional,2021,1,Infiniti,QX50,Camiones ligeros,SUV's,NACIONAL,1,8,2021-01
Registro Administrativo de la Industria Automotriz de Vehículos Ligeros. Venta de vehículos ,Nacional,2021,1,Infiniti,QX60,Camiones ligeros,SUV's,IMPORTADO,126,22,2021-01
Registro Administrativo de la Industria Automotriz de Vehículos Ligeros. Venta de vehículos ,Nacional,2021,1,Infiniti,QX70,Camiones ligeros,SUV's,IMPORTADO,126,0,2021-01
Registro Administrativo de la Industria Automotriz de Vehículos Ligeros. Venta de vehículos ,Nacional,2021,1,Infiniti,QX80,Camiones ligeros,SUV's,IMPORTADO,126,9,2021-01
Registro Administrativo de la Industria Automotriz de Vehículos Ligeros. Venta de vehículos ,Nacional,2021,1,Infiniti,Q50,Automóviles,De Lujo,IMPORTADO,126,7,2021-01
Registro Administrativo de la Industria Automotriz de Vehículos Ligeros. Venta de vehículos ,Nacional,2021,1,Infiniti,Q60,Automóviles,De Lujo,IMPORTADO,126,0,2021-01
Registro Administrativo de la Industria Automotriz de Vehículos Ligeros. Venta de vehículos ,Nacional,2021,1,Infiniti,Q70,Automóviles,De Lujo,IMPORTADO,126,0,2021-01
Registro Administrativo de la Industria Automotriz de Vehículos Ligeros. Venta de vehículos ,Nacional,2021,1,Isuzu,ELF 200,Camiones ligeros,Pick Ups,IMPORTADO,126,27,2021-01
Registro Administrativo de la Industria Automotriz de Vehículos Ligeros. Venta de vehículos ,Nacional,2021,1,Isuzu,ELF 300,Camiones ligeros,Pick Ups,IMPORTADO,126,42,2021-01
Registro Administrativo de la Industria Automotriz de Vehículos Ligeros. Venta de vehículos ,Nacional,2021,1,Isuzu,ELF100,Camiones ligeros,Pick Ups,IMPORTADO,126,27,2021-01
Registro Administrativo de la Industria Automotriz de Vehículos Ligeros. Venta de vehículos ,Nacional,2021,1,JAC,E J7,Automóviles,Compactos,NACIONAL,1,1,2021-01
Registro Administrativo de la Industria Automotriz de Vehículos Ligeros. Venta de vehículos ,Nacional,2021,1,JAC,E Sei 1,Camiones ligeros,SUV's,NACIONAL,1,1,2021-01
Registro Administrativo de la Industria Automotriz de Vehículos Ligeros. Venta de vehículos ,Nacional,2021,1,JAC,E Sei 2,Camiones ligeros,SUV's,NACIONAL,1,1,2021-01
Registro Administrativo de la Industria Automotriz de Vehículos Ligeros. Venta de vehículos ,Nacional,2021,1,JAC,Frison,Camiones ligeros,Pick Ups,NACIONAL,1,106,2021-01
Registro Administrativo de la Industria Automotriz de Vehículos Ligeros. Venta de vehículos ,Nacional,2021,1,JAC,GML X150 EV,Camiones ligeros,Pick Ups,NACIONAL,1,40,2021-01
Registro Administrativo de la Industria Automotriz de Vehículos Ligeros. Venta de vehículos ,Nacional,2021,1,JAC,J4,Automóviles,Subcompactos,NACIONAL,1,11,2021-01
Registro Administrativo de la Industria Automotriz de Vehículos Ligeros. Venta de vehículos ,Nacional,2021,1,JAC,J7,Automóviles,Compactos,NACIONAL,1,28,2021-01
Registro Administrativo de la Industria Automotriz de Vehículos Ligeros. Venta de vehículos ,Nacional,2021,1,JAC,Sei2,Camiones ligeros,SUV's,NACIONAL,1,96,2021-01
Registro Administrativo de la Industria Automotriz de Vehículos Ligeros. Venta de vehículos ,Nacional,2021,1,JAC,Sei3,Camiones ligeros,SUV's,NACIONAL,1,25,2021-01
Registro Administrativo de la Industria Automotriz de Vehículos Ligeros. Venta de vehículos ,Nacional,2021,1,JAC,Sei4,Camiones ligeros,SUV's,NACIONAL,1,25,2021-01
Registro Administrativo de la Industria Automotriz de Vehículos Ligeros. Venta de vehículos ,Nacional,2021,1,JAC,Sei7,Camiones ligeros,SUV's,NACIONAL,1,12,2021-01
Registro Administrativo de la Industria Automotriz de Vehículos Ligeros. Venta de vehículos ,Nacional,2021,1,JAC,SEI7 PRO,Camiones ligeros,SUV's,NACIONAL,1,16,2021-01
Registro Administrativo de la Industria Automotriz de Vehículos Ligeros. Venta de vehículos ,Nacional,2021,1,JAC,SUNRAY,Camiones ligeros,Minivans,NACIONAL,1,6,2021-01
Registro Administrativo de la Industria Automotriz de Vehículos Ligeros. Venta de vehículos ,Nacional,2021,1,JAC,X 200,Camiones ligeros,Pick Ups,NACIONAL,1,17,2021-01
Registro Administrativo de la Industria Automotriz de Vehículos Ligeros. Venta de vehículos ,Nacional,2021,1,Jaguar,F-Pace,Automóviles,De Lujo,IMPORTADO,181,1,2021-01
Registro Administrativo de la Industria Automotriz de Vehículos Ligeros. Venta de vehículos ,Nacional,2021,1,Jaguar,XE,Automóviles,De Lujo,IMPORTADO,181,1,2021-01
Registro Administrativo de la Industria Automotriz de Vehículos Ligeros. Venta de vehículos ,Nacional,2021,1,KIA,Forte-,Automóviles,Compactos,NACIONAL,1,1281,2021-01
Registro Administrativo de la Industria Automotriz de Vehículos Ligeros. Venta de vehículos ,Nacional,2021,1,KIA,Forte Hatchback,Automóviles,Compactos,IMPORTADO,48,118,2021-01
Registro Administrativo de la Industria Automotriz de Vehículos Ligeros. Venta de vehículos ,Nacional,2021,1,KIA,KIA Niro,Camiones ligeros,SUV's,IMPORTADO,48,79,2021-01
Registro Administrativo de la Industria Automotriz de Vehículos Ligeros. Venta de vehículos ,Nacional,2021,1,KIA,KIA Óptima,Automóviles,De Lujo,IMPORTADO,66,19,2021-01
Registro Administrativo de la Industria Automotriz de Vehículos Ligeros. Venta de vehículos ,Nacional,2021,1,KIA,Kia Río Hatchback-,Automóviles,Subcompactos,NACIONAL,1,629,2021-01
Registro Administrativo de la Industria Automotriz de Vehículos Ligeros. Venta de vehículos ,Nacional,2021,1,KIA,KIA Río Sedan-,Automóviles,Subcompactos,NACIONAL,1,1930,2021-01
Registro Administrativo de la Industria Automotriz de Vehículos Ligeros. Venta de vehículos ,Nacional,2021,1,KIA,Sedona,Camiones ligeros,Minivans,IMPORTADO,999,78,2021-01
Registro Administrativo de la Industria Automotriz de Vehículos Ligeros. Venta de vehículos ,Nacional,2021,1,KIA,Seltos,Camiones ligeros,SUV's,IMPORTADO,95,1383,2021-01
Registro Administrativo de la Industria Automotriz de Vehículos Ligeros. Venta de vehículos ,Nacional,2021,1,KIA,Sorento,Camiones ligeros,SUV's,IMPORTADO,66,161,2021-01
Registro Administrativo de la Industria Automotriz de Vehículos Ligeros. Venta de vehículos ,Nacional,2021,1,KIA,Soul,Camiones ligeros,SUV's,IMPORTADO,48,315,2021-01
Registro Administrativo de la Industria Automotriz de Vehículos Ligeros. Venta de vehículos ,Nacional,2021,1,KIA,SPORTAGE,Camiones ligeros,SUV's,IMPORTADO,48,696,2021-01
Registro Administrativo de la Industria Automotriz de Vehículos Ligeros. Venta de vehículos ,Nacional,2021,1,KIA,Stinger,Automóviles,De Lujo,IMPORTADO,48,12,2021-01
Registro Administrativo de la Industria Automotriz de Vehículos Ligeros. Venta de vehículos ,Nacional,2021,1,Land Rover,Defender,Camiones ligeros,SUV's,IMPORTADO,181,34,2021-01
Registro Administrativo de la Industria Automotriz de Vehículos Ligeros. Venta de vehículos ,Nacional,2021,1,Land Rover,Discovery,Automóviles,De Lujo,IMPORTADO,181,0,2021-01
Registro Administrativo de la Industria Automotriz de Vehículos Ligeros. Venta de vehículos ,Nacional,2021,1,Land Rover,Discovery Sport,Automóviles,De Lujo,IMPORTADO,181,5,2021-01
Registro Administrativo de la Industria Automotriz de Vehículos Ligeros. Venta de vehículos ,Nacional,2021,1,Land Rover,Range Rover,Automóviles,De Lujo,IMPORTADO,181,7,2021-01
Registro Administrativo de la Industria Automotriz de Vehículos Ligeros. Venta de vehículos ,Nacional,2021,1,Land Rover,Range Rover Evoque,Automóviles,De Lujo,IMPORTADO,181,39,2021-01
Registro Administrativo de la Industria Automotriz de Vehículos Ligeros. Venta de vehículos ,Nacional,2021,1,Land Rover,Range Rover Sport,Camiones ligeros,SUV's,IMPORTADO,181,32,2021-01
Registro Administrativo de la Industria Automotriz de Vehículos Ligeros. Venta de vehículos ,Nacional,2021,1,Land Rover,Range Rover Velar,Automóviles,De Lujo,IMPORTADO,181,1,2021-01
Registro Administrativo de la Industria Automotriz de Vehículos Ligeros. Venta de vehículos ,Nacional,2021,1,Lincoln,AVIATOR,Camiones ligeros,SUV's,IMPORTADO,66,8,2021-01
Registro Administrativo de la Industria Automotriz de Vehículos Ligeros. Venta de vehículos ,Nacional,2021,1,Lincoln,Aviator Grand Touring,Camiones ligeros,SUV's,IMPORTADO,66,9,2021-01
Registro Administrativo de la Industria Automotriz de Vehículos Ligeros. Venta de vehículos ,Nacional,2021,1,Lincoln,Corsair,Camiones ligeros,SUV's,IMPORTADO,40,20,2021-01
Registro Administrativo de la Industria Automotriz de Vehículos Ligeros. Venta de vehículos ,Nacional,2021,1,Lincoln,NAUTILUS,Automóviles,De Lujo,IMPORTADO,66,9,2021-01
Registro Administrativo de la Industria Automotriz de Vehículos Ligeros. Venta de vehículos ,Nacional,2021,1,Lincoln,Navigator,Camiones ligeros,Minivans,IMPORTADO,66,26,2021-01
Registro Administrativo de la Industria Automotriz de Vehículos Ligeros. Venta de vehículos ,Nacional,2021,1,Mazda,CX-3,Camiones ligeros,SUV's,IMPORTADO,126,565,2021-01
Registro Administrativo de la Industria Automotriz de Vehículos Ligeros. Venta de vehículos ,Nacional,2021,1,Mazda,CX-30,Camiones ligeros,SUV's,NACIONAL,1,619,2021-01
Registro Administrativo de la Industria Automotriz de Vehículos Ligeros. Venta de vehículos ,Nacional,2021,1,Mazda,CX-5,Camiones ligeros,SUV's,IMPORTADO,126,739,2021-01
Registro Administrativo de la Industria Automotriz de Vehículos Ligeros. Venta de vehículos ,Nacional,2021,1,Mazda,Cx-7,Camiones ligeros,SUV's,IMPORTADO,126,0,2021-01
Registro Administrativo de la Industria Automotriz de Vehículos Ligeros. Venta de vehículos ,Nacional,2021,1,Mazda,CX-9,Camiones ligeros,SUV's,IMPORTADO,126,100,2021-01
Registro Administrativo de la Industria Automotriz de Vehículos Ligeros. Venta de vehículos ,Nacional,2021,1,Mazda,Mazda 2,Automóviles,Subcompactos,IMPORTADO,126,0,2021-01
Registro Administrativo de la Industria Automotriz de Vehículos Ligeros. Venta de vehículos ,Nacional,2021,1,Mazda,Mazda 2 Hatchback,Automóviles,Subcompactos,NACIONAL,1,84,2021-01
Registro Administrativo de la Industria Automotriz de Vehículos Ligeros. Venta de vehículos ,Nacional,2021,1,Mazda,Mazda 2 Sedán,Automóviles,Subcompactos,NACIONAL,1,226,2021-01
Registro Administrativo de la Industria Automotriz de Vehículos Ligeros. Venta de vehículos ,Nacional,2021,1,Mazda,Mazda 3 Hatchback,Automóviles,Compactos,IMPORTADO,126,596,2021-01
Registro Administrativo de la Industria Automotriz de Vehículos Ligeros. Venta de vehículos ,Nacional,2021,1,Mazda,Mazda 3 Hatchback,Automóviles,Compactos,NACIONAL,1,0,2021-01
Registro Administrativo de la Industria Automotriz de Vehículos Ligeros. Venta de vehículos ,Nacional,2021,1,Mazda,Mazda 3 Sedán,Automóviles,Compactos,IMPORTADO,126,5,2021-01
Registro Administrativo de la Industria Automotriz de Vehículos Ligeros. Venta de vehículos ,Nacional,2021,1,Mazda,Mazda 3 Sedán-,Automóviles,Compactos,NACIONAL,1,597,2021-01
Registro Administrativo de la Industria Automotriz de Vehículos Ligeros. Venta de vehículos ,Nacional,2021,1,Mazda,Mazda 5,Automóviles,Compactos,IMPORTADO,126,0,2021-01
Registro Administrativo de la Industria Automotriz de Vehículos Ligeros. Venta de vehículos ,Nacional,2021,1,Mazda,Mazda 6,Automóviles,De Lujo,IMPORTADO,126,112,2021-01
Registro Administrativo de la Industria Automotriz de Vehículos Ligeros. Venta de vehículos ,Nacional,2021,1,Mazda,Mx-5,Automóviles,Deportivos,IMPORTADO,126,126,2021-01
Registro Administrativo de la Industria Automotriz de Vehículos Ligeros. Venta de vehículos ,Nacional,2021,1,Mercedes Benz,AMG GT,Automóviles,De Lujo,IMPORTADO,4,1,2021-01
Registro Administrativo de la Industria Automotriz de Vehículos Ligeros. Venta de vehículos ,Nacional,2021,1,Mercedes Benz,CLA,Automóviles,De Lujo,IMPORTADO,94,108,2021-01
Registro Administrativo de la Industria Automotriz de Vehículos Ligeros. Venta de vehículos ,Nacional,2021,1,Mercedes Benz,Clase A hatchback,Automóviles,De Lujo,IMPORTADO,4,14,2021-01
Registro Administrativo de la Industria Automotriz de Vehículos Ligeros. Venta de vehículos ,Nacional,2021,1,Mercedes Benz,Clase A Sedan,Automóviles,De Lujo,IMPORTADO,4,9,2021-01
Registro Administrativo de la Industria Automotriz de Vehículos Ligeros. Venta de vehículos ,Nacional,2021,1,Mercedes Benz,Clase C coupe,Automóviles,De Lujo,IMPORTADO,4,2,2021-01
Registro Administrativo de la Industria Automotriz de Vehículos Ligeros. Venta de vehículos ,Nacional,2021,1,Mercedes Benz,Clase C Sedan,Automóviles,De Lujo,IMPORTADO,4,16,2021-01
Registro Administrativo de la Industria Automotriz de Vehículos Ligeros. Venta de vehículos ,Nacional,2021,1,Mercedes Benz,Clase E coupe,Automóviles,De Lujo,IMPORTADO,4,4,2021-01
Registro Administrativo de la Industria Automotriz de Vehículos Ligeros. Venta de vehículos ,Nacional,2021,1,Mercedes Benz,Clase E sedan,Automóviles,De Lujo,IMPORTADO,4,19,2021-01
Registro Administrativo de la Industria Automotriz de Vehículos Ligeros. Venta de vehículos ,Nacional,2021,1,Mercedes Benz,Clase G,Camiones ligeros,SUV's,IMPORTADO,17,69,2021-01
Registro Administrativo de la Industria Automotriz de Vehículos Ligeros. Venta de vehículos ,Nacional,2021,1,Mercedes Benz,Clase GLE,Camiones ligeros,SUV's,IMPORTADO,66,335,2021-01
Registro Administrativo de la Industria Automotriz de Vehículos Ligeros. Venta de vehículos ,Nacional,2021,1,Mercedes Benz,Clase GLS,Camiones ligeros,SUV's,IMPORTADO,66,12,2021-01
Registro Administrativo de la Industria Automotriz de Vehículos Ligeros. Venta de vehículos ,Nacional,2021,1,Mercedes Benz,Clase S coupe,Automóviles,De Lujo,IMPORTADO,4,0,2021-01
Registro Administrativo de la Industria Automotriz de Vehículos Ligeros. Venta de vehículos ,Nacional,2021,1,Mercedes Benz,Clase S sedan,Automóviles,De Lujo,IMPORTADO,4,0,2021-01
Registro Administrativo de la Industria Automotriz de Vehículos Ligeros. Venta de vehículos ,Nacional,2021,1,Mercedes Benz,Clase SL,Automóviles,De Lujo,IMPORTADO,4,0,2021-01
Registro Administrativo de la Industria Automotriz de Vehículos Ligeros. Venta de vehículos ,Nacional,2021,1,Mercedes Benz,Clase V,Camiones ligeros,SUV's,IMPORTADO,64,3,2021-01
Registro Administrativo de la Industria Automotriz de Vehículos Ligeros. Venta de vehículos ,Nacional,2021,1,Mercedes Benz,CLS,Automóviles,De Lujo,IMPORTADO,4,0,2021-01
Registro Administrativo de la Industria Automotriz de Vehículos Ligeros. Venta de vehículos ,Nacional,2021,1,Mercedes Benz,GLA,Camiones ligeros,SUV's,IMPORTADO,4,26,2021-01
Registro Administrativo de la Industria Automotriz de Vehículos Ligeros. Venta de vehículos ,Nacional,2021,1,Mercedes Benz,GLB,Camiones ligeros,SUV's,NACIONAL,1,80,2021-01
Registro Administrativo de la Industria Automotriz de Vehículos Ligeros. Venta de vehículos ,Nacional,2021,1,Mercedes Benz,GLC,Camiones ligeros,SUV's,IMPORTADO,4,295,2021-01
Registro Administrativo de la Industria Automotriz de Vehículos Ligeros. Venta de vehículos ,Nacional,2021,1,Mercedes Benz,SLC,Automóviles,De Lujo,IMPORTADO,4,0,2021-01
Registro Administrativo de la Industria Automotriz de Vehículos Ligeros. Venta de vehículos ,Nacional,2021,1,Mercedes Benz,Sprinter,Camiones ligeros,SUV's,IMPORTADO,4,135,2021-01
Registro Administrativo de la Industria Automotriz de Vehículos Ligeros. Venta de vehículos ,Nacional,2021,1,Mini,MINI CLUBMAN,Automóviles,De Lujo,IMPORTADO,181,8,2021-01
Registro Administrativo de la Industria Automotriz de Vehículos Ligeros. Venta de vehículos ,Nacional,2021,1,Mini,MINI CONVERTIBLE,Automóviles,De Lujo,IMPORTADO,181,10,2021-01
Registro Administrativo de la Industria Automotriz de Vehículos Ligeros. Venta de vehículos ,Nacional,2021,1,Mini,MINI COUNTRYMAN,Camiones ligeros,SUV's,IMPORTADO,181,58,2021-01
Registro Administrativo de la Industria Automotriz de Vehículos Ligeros. Venta de vehículos ,Nacional,2021,1,Mini,MINI 3 PTAS,Automóviles,De Lujo,IMPORTADO,181,130,2021-01
Registro Administrativo de la Industria Automotriz de Vehículos Ligeros. Venta de vehículos ,Nacional,2021,1,Mini,MINI 5 PTAS,Automóviles,De Lujo,IMPORTADO,181,44,2021-01
Registro Administrativo de la Industria Automotriz de Vehículos Ligeros. Venta de vehículos ,Nacional,2021,1,Mitsubishi,Eclipse Cross,Camiones ligeros,SUV's,IMPORTADO,126,9,2021-01
Registro Administrativo de la Industria Automotriz de Vehículos Ligeros. Venta de vehículos ,Nacional,2021,1,Mitsubishi,L200,Camiones ligeros,Pick Ups,IMPORTADO,214,403,2021-01
Registro Administrativo de la Industria Automotriz de Vehículos Ligeros. Venta de vehículos ,Nacional,2021,1,Mitsubishi,Mirage,Automóviles,Subcompactos,IMPORTADO,214,1,2021-01
Registro Administrativo de la Industria Automotriz de Vehículos Ligeros. Venta de vehículos ,Nacional,2021,1,Mitsubishi,Mirage G4,Automóviles,Subcompactos,IMPORTADO,214,334,2021-01
Registro Administrativo de la Industria Automotriz de Vehículos Ligeros. Venta de vehículos ,Nacional,2021,1,Mitsubishi,Montero Limited,Camiones ligeros,SUV's,IMPORTADO,126,0,2021-01
Registro Administrativo de la Industria Automotriz de Vehículos Ligeros. Venta de vehículos ,Nacional,2021,1,Mitsubishi,Montero Sport,Camiones ligeros,SUV's,IMPORTADO,214,23,2021-01
Registro Administrativo de la Industria Automotriz de Vehículos Ligeros. Venta de vehículos ,Nacional,2021,1,Mitsubishi,Outlander,Camiones ligeros,SUV's,IMPORTADO,126,10,2021-01
Registro Administrativo de la Industria Automotriz de Vehículos Ligeros. Venta de vehículos ,Nacional,2021,1,Mitsubishi,Outlander PHEV,Camiones ligeros,SUV's,IMPORTADO,126,5,2021-01
Registro Administrativo de la Industria Automotriz de Vehículos Ligeros. Venta de vehículos ,Nacional,2021,1,Nissan,Altima,Automóviles,De Lujo,IMPORTADO,66,27,2021-01
Registro Administrativo de la Industria Automotriz de Vehículos Ligeros. Venta de vehículos ,Nacional,2021,1,Nissan,Armada,Camiones ligeros,SUV's,IMPORTADO,66,2,2021-01
Registro Administrativo de la Industria Automotriz de Vehículos Ligeros. Venta de vehículos ,Nacional,2021,1,Nissan,Cabstar Mediano,Camiones ligeros,Pick Ups,IMPORTADO,64,0,2021-01
Registro Administrativo de la Industria Automotriz de Vehículos Ligeros. Venta de vehículos ,Nacional,2021,1,Nissan,Frontier V6,Camiones ligeros,Pick Ups,IMPORTADO,66,0,2021-01
Registro Administrativo de la Industria Automotriz de Vehículos Ligeros. Venta de vehículos ,Nacional,2021,1,Nissan,GT-R,Automóviles,Deportivos,IMPORTADO,126,1,2021-01
Registro Administrativo de la Industria Automotriz de Vehículos Ligeros. Venta de vehículos ,Nacional,2021,1,Nissan,Juke,Automóviles,Compactos,IMPORTADO,126,0,2021-01
Registro Administrativo de la Industria Automotriz de Vehículos Ligeros. Venta de vehículos ,Nacional,2021,1,Nissan,Kicks,Camiones ligeros,SUV's,NACIONAL,1,826,2021-01
Registro Administrativo de la Industria Automotriz de Vehículos Ligeros. Venta de vehículos ,Nacional,2021,1,Nissan,Leaf,Automóviles,Compactos,IMPORTADO,126,1,2021-01
Registro Administrativo de la Industria Automotriz de Vehículos Ligeros. Venta de vehículos ,Nacional,2021,1,Nissan,March,Automóviles,Subcompactos,NACIONAL,1,3518,2021-01
Registro Administrativo de la Industria Automotriz de Vehículos Ligeros. Venta de vehículos ,Nacional,2021,1,Nissan,Maxima,Automóviles,De Lujo,IMPORTADO,126,0,2021-01
Registro Administrativo de la Industria Automotriz de Vehículos Ligeros. Venta de vehículos ,Nacional,2021,1,Nissan,Murano,Camiones ligeros,SUV's,IMPORTADO,126,0,2021-01
Registro Administrativo de la Industria Automotriz de Vehículos Ligeros. Venta de vehículos ,Nacional,2021,1,Nissan,Note,Automóviles,Compactos,NACIONAL,1,0,2021-01
Registro Administrativo de la Industria Automotriz de Vehículos Ligeros. Venta de vehículos ,Nacional,2021,1,Nissan,NP300,Camiones ligeros,Pick Ups,NACIONAL,1,4766,2021-01
Registro Administrativo de la Industria Automotriz de Vehículos Ligeros. Venta de vehículos ,Nacional,2021,1,Nissan,NV 200 Cargo,Camiones ligeros,SUV's,NACIONAL,1,0,2021-01
Registro Administrativo de la Industria Automotriz de Vehículos Ligeros. Venta de vehículos ,Nacional,2021,1,Nissan,NV 200 NY TAXI,Camiones ligeros,SUV's,NACIONAL,1,0,2021-01
Registro Administrativo de la Industria Automotriz de Vehículos Ligeros. Venta de vehículos ,Nacional,2021,1,Nissan,NV2500 V6 Toldo Alto,Camiones ligeros,Minivans,IMPORTADO,66,0,2021-01
Registro Administrativo de la Industria Automotriz de Vehículos Ligeros. Venta de vehículos ,Nacional,2021,1,Nissan,Pathfinder,Camiones ligeros,SUV's,IMPORTADO,126,20,2021-01
Registro Administrativo de la Industria Automotriz de Vehículos Ligeros. Venta de vehículos ,Nacional,2021,1,Nissan,Sentra,Automóviles,Compactos,NACIONAL,1,1704,2021-01
Registro Administrativo de la Industria Automotriz de Vehículos Ligeros. Venta de vehículos ,Nacional,2021,1,Nissan,Tiida Sedan,Automóviles,Compactos,NACIONAL,1,0,2021-01
Registro Administrativo de la Industria Automotriz de Vehículos Ligeros. Venta de vehículos ,Nacional,2021,1,Nissan,Titan,Camiones ligeros,Pick Ups,IMPORTADO,66,0,2021-01
Registro Administrativo de la Industria Automotriz de Vehículos Ligeros. Venta de vehículos ,Nacional,2021,1,Nissan,Urvan Panel,Camiones ligeros,SUV's,IMPORTADO,126,386,2021-01
Registro Administrativo de la Industria Automotriz de Vehículos Ligeros. Venta de vehículos ,Nacional,2021,1,Nissan,Urvan Pasajeros,Camiones ligeros,SUV's,IMPORTADO,126,151,2021-01
Registro Administrativo de la Industria Automotriz de Vehículos Ligeros. Venta de vehículos ,Nacional,2021,1,Nissan,Versa,Automóviles,Compactos,NACIONAL,1,5636,2021-01
Registro Administrativo de la Industria Automotriz de Vehículos Ligeros. Venta de vehículos ,Nacional,2021,1,Nissan,Xtrail,Camiones ligeros,SUV's,IMPORTADO,126,676,2021-01
Registro Administrativo de la Industria Automotriz de Vehículos Ligeros. Venta de vehículos ,Nacional,2021,1,Nissan,370 Z,Automóviles,Deportivos,IMPORTADO,126,2,2021-01
Registro Administrativo de la Industria Automotriz de Vehículos Ligeros. Venta de vehículos ,Nacional,2021,1,Peugeot,Expert Cargo Van,Camiones ligeros,Pick Ups,IMPORTADO,74,64,2021-01
Registro Administrativo de la Industria Automotriz de Vehículos Ligeros. Venta de vehículos ,Nacional,2021,1,Peugeot,LANDTREK,Camiones ligeros,Pick Ups,IMPORTADO,43,67,2021-01
Registro Administrativo de la Industria Automotriz de Vehículos Ligeros. Venta de vehículos ,Nacional,2021,1,Peugeot,Manager Hdi,Camiones ligeros,Pick Ups,IMPORTADO,124,30,2021-01
Registro Administrativo de la Industria Automotriz de Vehículos Ligeros. Venta de vehículos ,Nacional,2021,1,Peugeot,Partner,Camiones ligeros,Pick Ups,IMPORTADO,64,378,2021-01
Registro Administrativo de la Industria Automotriz de Vehículos Ligeros. Venta de vehículos ,Nacional,2021,1,Peugeot,RIFTER,Camiones ligeros,Pick Ups,IMPORTADO,64,102,2021-01
Registro Administrativo de la Industria Automotriz de Vehículos Ligeros. Venta de vehículos ,Nacional,2021,1,Peugeot,2008,Camiones ligeros,SUV's,IMPORTADO,74,198,2021-01
Registro Administrativo de la Industria Automotriz de Vehículos Ligeros. Venta de vehículos ,Nacional,2021,1,Peugeot,208,Automóviles,Subcompactos,IMPORTADO,74,8,2021-01
Registro Administrativo de la Industria Automotriz de Vehículos Ligeros. Venta de vehículos ,Nacional,2021,1,Peugeot,3008,Camiones ligeros,SUV's,IMPORTADO,74,100,2021-01
Registro Administrativo de la Industria Automotriz de Vehículos Ligeros. Venta de vehículos ,Nacional,2021,1,Peugeot,301,Automóviles,Subcompactos,IMPORTADO,64,70,2021-01
Registro Administrativo de la Industria Automotriz de Vehículos Ligeros. Venta de vehículos ,Nacional,2021,1,Peugeot,308,Automóviles,Compactos,IMPORTADO,74,3,2021-01
Registro Administrativo de la Industria Automotriz de Vehículos Ligeros. Venta de vehículos ,Nacional,2021,1,Peugeot,5008,Camiones ligeros,SUV's,IMPORTADO,74,16,2021-01
Registro Administrativo de la Industria Automotriz de Vehículos Ligeros. Venta de vehículos ,Nacional,2021,1,Porsche,Cayenne,Camiones ligeros,SUV's,IMPORTADO,4,31,2021-01
Registro Administrativo de la Industria Automotriz de Vehículos Ligeros. Venta de vehículos ,Nacional,2021,1,Porsche,Cayman,Automóviles,De Lujo,IMPORTADO,4,14,2021-01
Registro Administrativo de la Industria Automotriz de Vehículos Ligeros. Venta de vehículos ,Nacional,2021,1,Porsche,Macan,Camiones ligeros,SUV's,IMPORTADO,4,50,2021-01
Registro Administrativo de la Industria Automotriz de Vehículos Ligeros. Venta de vehículos ,Nacional,2021,1,Porsche,Panamera,Automóviles,De Lujo,IMPORTADO,4,0,2021-01
Registro Administrativo de la Industria Automotriz de Vehículos Ligeros. Venta de vehículos ,Nacional,2021,1,Porsche,718 Boxster,Automóviles,Deportivos,IMPORTADO,4,11,2021-01
Registro Administrativo de la Industria Automotriz de Vehículos Ligeros. Venta de vehículos ,Nacional,2021,1,Porsche,911 Carrera / Turbo / GT,Automóviles,Deportivos,IMPORTADO,4,14,2021-01
Registro Administrativo de la Industria Automotriz de Vehículos Ligeros. Venta de vehículos ,Nacional,2021,1,Renault,Captur,Camiones ligeros,SUV's,IMPORTADO,31,155,2021-01
Registro Administrativo de la Industria Automotriz de Vehículos Ligeros. Venta de vehículos ,Nacional,2021,1,Renault,Duster,Camiones ligeros,SUV's,IMPORTADO,46,384,2021-01
Registro Administrativo de la Industria Automotriz de Vehículos Ligeros. Venta de vehículos ,Nacional,2021,1,Renault,Kangoo,Camiones ligeros,Pick Ups,IMPORTADO,12,5,2021-01
Registro Administrativo de la Industria Automotriz de Vehículos Ligeros. Venta de vehículos ,Nacional,2021,1,Renault,Kangoo ZE,Camiones ligeros,Pick Ups,IMPORTADO,12,15,2021-01
Registro Administrativo de la Industria Automotriz de Vehículos Ligeros. Venta de vehículos ,Nacional,2021,1,Renault,Koleos,Camiones ligeros,SUV's,IMPORTADO,48,128,2021-01
Registro Administrativo de la Industria Automotriz de Vehículos Ligeros. Venta de vehículos ,Nacional,2021,1,Renault,Kwid,Automóviles,Subcompactos,IMPORTADO,31,931,2021-01
Registro Administrativo de la Industria Automotriz de Vehículos Ligeros. Venta de vehículos ,Nacional,2021,1,Renault,Logan,Automóviles,Subcompactos,IMPORTADO,31,0,2021-01
Registro Administrativo de la Industria Automotriz de Vehículos Ligeros. Venta de vehículos ,Nacional,2021,1,Renault,Oroch,Camiones ligeros,Pick Ups,IMPORTADO,31,421,2021-01
Registro Administrativo de la Industria Automotriz de Vehículos Ligeros. Venta de vehículos ,Nacional,2021,1,Renault,Sandero,Automóviles,Deportivos,IMPORTADO,46,0,2021-01
Registro Administrativo de la Industria Automotriz de Vehículos Ligeros. Venta de vehículos ,Nacional,2021,1,Renault,Sandero R.S. 2.0,Automóviles,Deportivos,IMPORTADO,31,4,2021-01
Registro Administrativo de la Industria Automotriz de Vehículos Ligeros. Venta de vehículos ,Nacional,2021,1,Renault,Stepway,Automóviles,Compactos,IMPORTADO,46,160,2021-01
Registro Administrativo de la Industria Automotriz de Vehículos Ligeros. Venta de vehículos ,Nacional,2021,1,Renault,Twizy,Automóviles,Subcompactos,IMPORTADO,64,2,2021-01
Registro Administrativo de la Industria Automotriz de Vehículos Ligeros. Venta de vehículos ,Nacional,2021,1,Renault,ZOE,Automóviles,Subcompactos,IMPORTADO,74,0,2021-01
Registro Administrativo de la Industria Automotriz de Vehículos Ligeros. Venta de vehículos ,Nacional,2021,1,SEAT,Arona,Camiones ligeros,SUV's,IMPORTADO,64,349,2021-01
Registro Administrativo de la Industria Automotriz de Vehículos Ligeros. Venta de vehículos ,Nacional,2021,1,SEAT,Ateca,Camiones ligeros,SUV's,IMPORTADO,184,140,2021-01
Registro Administrativo de la Industria Automotriz de Vehículos Ligeros. Venta de vehículos ,Nacional,2021,1,SEAT,Ibiza 4 Ptas,Automóviles,Subcompactos,IMPORTADO,64,948,2021-01
Registro Administrativo de la Industria Automotriz de Vehículos Ligeros. Venta de vehículos ,Nacional,2021,1,SEAT,Leon,Automóviles,Deportivos,IMPORTADO,64,72,2021-01
Registro Administrativo de la Industria Automotriz de Vehículos Ligeros. Venta de vehículos ,Nacional,2021,1,SEAT,Nuevo Toledo,Automóviles,Compactos,IMPORTADO,62,2,2021-01
Registro Administrativo de la Industria Automotriz de Vehículos Ligeros. Venta de vehículos ,Nacional,2021,1,SEAT,Tarraco,Camiones ligeros,SUV's,IMPORTADO,4,53,2021-01
Registro Administrativo de la Industria Automotriz de Vehículos Ligeros. Venta de vehículos ,Nacional,2021,1,Smart,Forfour,Automóviles,De Lujo,IMPORTADO,169,0,2021-01
Registro Administrativo de la Industria Automotriz de Vehículos Ligeros. Venta de vehículos ,Nacional,2021,1,Smart,FORTWO,Automóviles,De Lujo,IMPORTADO,74,0,2021-01
Registro Administrativo de la Industria Automotriz de Vehículos Ligeros. Venta de vehículos ,Nacional,2021,1,Smart,Roadster,Automóviles,Subcompactos,IMPORTADO,4,0,2021-01
Registro Administrativo de la Industria Automotriz de Vehículos Ligeros. Venta de vehículos ,Nacional,2021,1,Subaru,Forester,Camiones ligeros,SUV's,IMPORTADO,126,89,2021-01
Registro Administrativo de la Industria Automotriz de Vehículos Ligeros. Venta de vehículos ,Nacional,2021,1,Subaru,Outback,Camiones ligeros,SUV's,IMPORTADO,66,0,2021-01
Registro Administrativo de la Industria Automotriz de Vehículos Ligeros. Venta de vehículos ,Nacional,2021,1,Subaru,Subaru BRZ,Automóviles,Deportivos,IMPORTADO,126,1,2021-01
Registro Administrativo de la Industria Automotriz de Vehículos Ligeros. Venta de vehículos ,Nacional,2021,1,Subaru,WRX,Automóviles,Deportivos,IMPORTADO,126,1,2021-01
Registro Administrativo de la Industria Automotriz de Vehículos Ligeros. Venta de vehículos ,Nacional,2021,1,Subaru,WRX STI,Automóviles,Deportivos,IMPORTADO,126,1,2021-01
Registro Administrativo de la Industria Automotriz de Vehículos Ligeros. Venta de vehículos ,Nacional,2021,1,Subaru,XV,Camiones ligeros,SUV's,IMPORTADO,126,65,2021-01
Registro Administrativo de la Industria Automotriz de Vehículos Ligeros. Venta de vehículos ,Nacional,2021,1,Suzuki,Ciaz,Automóviles,Compactos,IMPORTADO,95,27,2021-01
Registro Administrativo de la Industria Automotriz de Vehículos Ligeros. Venta de vehículos ,Nacional,2021,1,Suzuki,Ertiga,Automóviles,Compactos,IMPORTADO,96,518,2021-01
Registro Administrativo de la Industria Automotriz de Vehículos Ligeros. Venta de vehículos ,Nacional,2021,1,Suzuki,Ignis,Automóviles,Subcompactos,IMPORTADO,126,522,2021-01
Registro Administrativo de la Industria Automotriz de Vehículos Ligeros. Venta de vehículos ,Nacional,2021,1,Suzuki,JIMNY,Camiones ligeros,SUV's,IMPORTADO,126,280,2021-01
Registro Administrativo de la Industria Automotriz de Vehículos Ligeros. Venta de vehículos ,Nacional,2021,1,Suzuki,S Cross,Camiones ligeros,SUV's,IMPORTADO,94,51,2021-01
Registro Administrativo de la Industria Automotriz de Vehículos Ligeros. Venta de vehículos ,Nacional,2021,1,Suzuki,Swift,Automóviles,Subcompactos,IMPORTADO,126,699,2021-01
Registro Administrativo de la Industria Automotriz de Vehículos Ligeros. Venta de vehículos ,Nacional,2021,1,Suzuki,Vitara,Camiones ligeros,SUV's,IMPORTADO,94,345,2021-01
Registro Administrativo de la Industria Automotriz de Vehículos Ligeros. Venta de vehículos ,Nacional,2021,1,Toyota,Avanza,Automóviles,Compactos,IMPORTADO,96,834,2021-01
Registro Administrativo de la Industria Automotriz de Vehículos Ligeros. Venta de vehículos ,Nacional,2021,1,Toyota,Camry,Automóviles,De Lujo,IMPORTADO,66,253,2021-01
Registro Administrativo de la Industria Automotriz de Vehículos Ligeros. Venta de vehículos ,Nacional,2021,1,Toyota,C-HR,Camiones ligeros,SUV's,IMPORTADO,227,0,2021-01
Registro Administrativo de la Industria Automotriz de Vehículos Ligeros. Venta de vehículos ,Nacional,2021,1,Toyota,Corolla,Automóviles,Compactos,IMPORTADO,40,716,2021-01
Registro Administrativo de la Industria Automotriz de Vehículos Ligeros. Venta de vehículos ,Nacional,2021,1,Toyota,GR Supra,Automóviles,De Lujo,IMPORTADO,17,4,2021-01
Registro Administrativo de la Industria Automotriz de Vehículos Ligeros. Venta de vehículos ,Nacional,2021,1,Toyota,Hiace P,Camiones ligeros,SUV's,IMPORTADO,126,83,2021-01
Registro Administrativo de la Industria Automotriz de Vehículos Ligeros. Venta de vehículos ,Nacional,2021,1,Toyota,Hiace V,Camiones ligeros,SUV's,IMPORTADO,126,1,2021-01
Registro Administrativo de la Industria Automotriz de Vehículos Ligeros. Venta de vehículos ,Nacional,2021,1,Toyota,Highlander,Camiones ligeros,SUV's,IMPORTADO,126,411,2021-01
Registro Administrativo de la Industria Automotriz de Vehículos Ligeros. Venta de vehículos ,Nacional,2021,1,Toyota,Hilux Dc,Camiones ligeros,Pick Ups,IMPORTADO,214,2320,2021-01
Registro Administrativo de la Industria Automotriz de Vehículos Ligeros. Venta de vehículos ,Nacional,2021,1,Toyota,Lcruiser,Camiones ligeros,SUV's,IMPORTADO,126,11,2021-01
Registro Administrativo de la Industria Automotriz de Vehículos Ligeros. Venta de vehículos ,Nacional,2021,1,Toyota,Prius,Automóviles,De Lujo,IMPORTADO,126,368,2021-01
Registro Administrativo de la Industria Automotriz de Vehículos Ligeros. Venta de vehículos ,Nacional,2021,1,Toyota,Prius-C,Automóviles,Subcompactos,IMPORTADO,126,381,2021-01
Registro Administrativo de la Industria Automotriz de Vehículos Ligeros. Venta de vehículos ,Nacional,2021,1,Toyota,Rav4,Camiones ligeros,SUV's,IMPORTADO,126,1407,2021-01
Registro Administrativo de la Industria Automotriz de Vehículos Ligeros. Venta de vehículos ,Nacional,2021,1,Toyota,Sequoia,Camiones ligeros,SUV's,IMPORTADO,66,3,2021-01
Registro Administrativo de la Industria Automotriz de Vehículos Ligeros. Venta de vehículos ,Nacional,2021,1,Toyota,Sienna,Camiones ligeros,Minivans,IMPORTADO,66,11,2021-01
Registro Administrativo de la Industria Automotriz de Vehículos Ligeros. Venta de vehículos ,Nacional,2021,1,Toyota,Tacoma,Camiones ligeros,Pick Ups,IMPORTADO,66,294,2021-01
Registro Administrativo de la Industria Automotriz de Vehículos Ligeros. Venta de vehículos ,Nacional,2021,1,Toyota,Tacoma-,Camiones ligeros,Pick Ups,NACIONAL,1,0,2021-01
Registro Administrativo de la Industria Automotriz de Vehículos Ligeros. Venta de vehículos ,Nacional,2021,1,Toyota,Tundra,Camiones ligeros,Pick Ups,IMPORTADO,66,13,2021-01
Registro Administrativo de la Industria Automotriz de Vehículos Ligeros. Venta de vehículos ,Nacional,2021,1,Toyota,Yaris Hatchback,Automóviles,Subcompactos,IMPORTADO,126,96,2021-01
Registro Administrativo de la Industria Automotriz de Vehículos Ligeros. Venta de vehículos ,Nacional,2021,1,Toyota,Yaris Sedan,Automóviles,Subcompactos,IMPORTADO,126,630,2021-01
Registro Administrativo de la Industria Automotriz de Vehículos Ligeros. Venta de vehículos ,Nacional,2021,1,Toyota,Yaris-R,Automóviles,Subcompactos,NACIONAL,1,0,2021-01
Registro Administrativo de la Industria Automotriz de Vehículos Ligeros. Venta de vehículos ,Nacional,2021,1,Volkswagen,Amarok,Camiones ligeros,Pick Ups,IMPORTADO,12,82,2021-01
Registro Administrativo de la Industria Automotriz de Vehículos Ligeros. Venta de vehículos ,Nacional,2021,1,Volkswagen,Beetle,Automóviles,Compactos,NACIONAL,1,0,2021-01
Registro Administrativo de la Industria Automotriz de Vehículos Ligeros. Venta de vehículos ,Nacional,2021,1,Volkswagen,Beetle Cabrio,Automóviles,Compactos,NACIONAL,1,0,2021-01
Registro Administrativo de la Industria Automotriz de Vehículos Ligeros. Venta de vehículos ,Nacional,2021,1,Volkswagen,Crafter,Camiones ligeros,Pick Ups,IMPORTADO,4,38,2021-01
Registro Administrativo de la Industria Automotriz de Vehículos Ligeros. Venta de vehículos ,Nacional,2021,1,Volkswagen,Cross Sport,Camiones ligeros,SUV's,IMPORTADO,66,107,2021-01
Registro Administrativo de la Industria Automotriz de Vehículos Ligeros. Venta de vehículos ,Nacional,2021,1,Volkswagen,Crossfox,Automóviles,Subcompactos,IMPORTADO,31,0,2021-01
Registro Administrativo de la Industria Automotriz de Vehículos Ligeros. Venta de vehículos ,Nacional,2021,1,Volkswagen,Gol,Automóviles,Subcompactos,IMPORTADO,31,449,2021-01
Registro Administrativo de la Industria Automotriz de Vehículos Ligeros. Venta de vehículos ,Nacional,2021,1,Volkswagen,Gol Sedan,Automóviles,Subcompactos,IMPORTADO,31,0,2021-01
Registro Administrativo de la Industria Automotriz de Vehículos Ligeros. Venta de vehículos ,Nacional,2021,1,Volkswagen,Golf,Automóviles,Compactos,IMPORTADO,31,0,2021-01
Registro Administrativo de la Industria Automotriz de Vehículos Ligeros. Venta de vehículos ,Nacional,2021,1,Volkswagen,Golf-,Automóviles,Compactos,NACIONAL,1,111,2021-01
Registro Administrativo de la Industria Automotriz de Vehículos Ligeros. Venta de vehículos ,Nacional,2021,1,Volkswagen,Golf Variant-/Crossgolf,Automóviles,Compactos,NACIONAL,1,0,2021-01
Registro Administrativo de la Industria Automotriz de Vehículos Ligeros. Venta de vehículos ,Nacional,2021,1,Volkswagen,Jetta,Automóviles,Compactos,NACIONAL,1,0,2021-01
Registro Administrativo de la Industria Automotriz de Vehículos Ligeros. Venta de vehículos ,Nacional,2021,1,Volkswagen,Nuevo Jetta,Automóviles,Compactos,NACIONAL,1,1066,2021-01
Registro Administrativo de la Industria Automotriz de Vehículos Ligeros. Venta de vehículos ,Nacional,2021,1,Volkswagen,Nuevo Jetta TDI,Automóviles,Compactos,NACIONAL,1,0,2021-01
Registro Administrativo de la Industria Automotriz de Vehículos Ligeros. Venta de vehículos ,Nacional,2021,1,Volkswagen,Passat,Automóviles,De Lujo,IMPORTADO,66,0,2021-01
Registro Administrativo de la Industria Automotriz de Vehículos Ligeros. Venta de vehículos ,Nacional,2021,1,Volkswagen,Polo 4 Ptas,Automóviles,Subcompactos,IMPORTADO,95,501,2021-01
Registro Administrativo de la Industria Automotriz de Vehículos Ligeros. Venta de vehículos ,Nacional,2021,1,Volkswagen,Saveiro,Camiones ligeros,Pick Ups,IMPORTADO,31,803,2021-01
Registro Administrativo de la Industria Automotriz de Vehículos Ligeros. Venta de vehículos ,Nacional,2021,1,Volkswagen,Taos,Camiones ligeros,SUV's,NACIONAL,1,480,2021-01
Registro Administrativo de la Industria Automotriz de Vehículos Ligeros. Venta de vehículos ,Nacional,2021,1,Volkswagen,T-Cross,Camiones ligeros,SUV's,IMPORTADO,31,477,2021-01
Registro Administrativo de la Industria Automotriz de Vehículos Ligeros. Venta de vehículos ,Nacional,2021,1,Volkswagen,Teramont,Camiones ligeros,SUV's,IMPORTADO,66,115,2021-01
Registro Administrativo de la Industria Automotriz de Vehículos Ligeros. Venta de vehículos ,Nacional,2021,1,Volkswagen,Tiguan-,Camiones ligeros,SUV's,NACIONAL,1,520,2021-01
Registro Administrativo de la Industria Automotriz de Vehículos Ligeros. Venta de vehículos ,Nacional,2021,1,Volkswagen,Touareg,Camiones ligeros,SUV's,IMPORTADO,62,0,2021-01
Registro Administrativo de la Industria Automotriz de Vehículos Ligeros. Venta de vehículos ,Nacional,2021,1,Volkswagen,Transporter Carga,Camiones ligeros,SUV's,IMPORTADO,4,116,2021-01
Registro Administrativo de la Industria Automotriz de Vehículos Ligeros. Venta de vehículos ,Nacional,2021,1,Volkswagen,Transporter Pasajeros,Camiones ligeros,SUV's,IMPORTADO,4,2,2021-01
Registro Administrativo de la Industria Automotriz de Vehículos Ligeros. Venta de vehículos ,Nacional,2021,1,Volkswagen,UP!,Automóviles,Subcompactos,IMPORTADO,31,0,2021-01
Registro Administrativo de la Industria Automotriz de Vehículos Ligeros. Venta de vehículos ,Nacional,2021,1,Volkswagen,Vento,Automóviles,Subcompactos,IMPORTADO,95,2060,2021-01
Registro Administrativo de la Industria Automotriz de Vehículos Ligeros. Venta de vehículos ,Nacional,2021,1,Volkswagen,Virtus,Automóviles,Subcompactos,IMPORTADO,31,1000,2021-01
Registro Administrativo de la Industria Automotriz de Vehículos Ligeros. Venta de vehículos ,Nacional,2021,1,Volkswagen,Volkswagen Caddy,Camiones ligeros,Pick Ups,IMPORTADO,177,127,2021-01
Registro Administrativo de la Industria Automotriz de Vehículos Ligeros. Venta de vehículos ,Nacional,2021,1,Volvo,S60 III,Automóviles,De Lujo,IMPORTADO,66,8,2021-01
Registro Administrativo de la Industria Automotriz de Vehículos Ligeros. Venta de vehículos ,Nacional,2021,1,Volvo,XC40,Automóviles,De Lujo,IMPORTADO,23,136,2021-01
Registro Administrativo de la Industria Automotriz de Vehículos Ligeros. Venta de vehículos ,Nacional,2021,1,Volvo,XC60 II,Camiones ligeros,SUV's,IMPORTADO,209,45,2021-01
Registro Administrativo de la Industria Automotriz de Vehículos Ligeros. Venta de vehículos ,Nacional,2021,1,Volvo,XC90 II,Camiones ligeros,SUV's,IMPORTADO,209,26,2021-01
